"","DATE","IMPRESSION_ID","BID_STATUS","UUID","REFERER","REQUEST_URI","USERAGENT","CATEGORY","DOMAIN","GRAPESHOT_CHANNEL","SITE_ID","SITE","KRUX_SEGMENT","TIMESTAMP","BROWSER","OS_NAME","OS_VERSION","KARGO_ID","GEO"
"1","2016-11-16","2c86a07f-09c6-443f-bc21-0c85dd14bbcd","yes_bid","789001bc-90b5-4b3c-83da-90aeacaf3046","""http://people.com/""","""/ads/4792/300x250/?asize=1x1%2C320x460%2C300x250%2C300x50%2C320x50%2C146x200%2C5x7%2C5x8%2C5x20%2C5x22&page=http%3A%2F%2Fpeople.com%2F&mobile=1&iframebuster=ALL&kargo_id=null&_cb=1479272954680""","""Mozilla/5.0 (Linux; Android 4.4.4; XT1030 Build/SU6-7.7) AppleWebKit/537.36 (KHTML, like Gecko) Chrome/54.0.2840.85 Mobile Safari/537.36""","[
  ""IAB1""
]","""people.com""","[
  ""gs_entertain"",
  ""gs_entertain_celeb"",
  ""gs_event_thanksgiving"",
  ""gs_health_exercise"",
  ""gv_safe"",
  ""gv_safe_core"",
  ""kg_bertolli_alwayson_q2_q1_2017"",
  ""kg_fdafreshempire"",
  ""kg_mcdonalds_all campaigns_Q1_Q4_2017""
]","515","""http://people.com/""","null","1479272957","""Chrome""","Android","Android_4.x","""null""","{
  ""city"": """",
  ""country"": ""US"",
  ""country_region"": ""US-CA"",
  ""dma"": 0,
  ""region"": ""CA"",
  ""zip"": """"
}"
"2","2016-11-16","68344802-4d7e-4452-b8ae-4f1b356243b0","yes_bid","add8efda-7d0c-450a-afcb-279e4dece29f","""http://m.tmz.com/""","""/ads/4711/300x250/?asize=1x1%2C320x460%2C300x250%2C300x50%2C320x50%2C146x200%2C5x7%2C5x20%2C5x22&page=http%3A%2F%2Fm.tmz.com%2F%23news%2F&mobile=1&iframebuster=ALL&kargo_id=b942c931-a17b-11e6-853c-714e1cb2ac11&_cb=1479272482906""","""Mozilla/5.0 (Linux; Android 6.0.1; LG-H830 Build/MMB29M) AppleWebKit/537.36 (KHTML, like Gecko) Chrome/54.0.2840.85 Mobile Safari/537.36""","[
  ""IAB1""
]","""m.tmz.com""","[]","320","""http://m.tmz.com/#news/""","null","1479272483","""Chrome""","Android","Android_6","""b942c931-a17b-11e6-853c-714e1cb2ac11""","{
  ""city"": ""El Monte"",
  ""country"": ""US"",
  ""country_region"": ""US-CA"",
  ""dma"": 803,
  ""region"": ""CA"",
  ""zip"": ""91732""
}"
"3","2016-11-16","0dc203a7-d9be-4283-bc0c-cd2b39cb8461","yes_bid","92bdfff6-1cf6-4eea-9e37-e506604b7e2e","""http://m.tmz.com/""","""/ads/4711/300x250/?asize=1x1%2C320x460%2C300x250%2C300x50%2C320x50%2C146x200%2C5x7%2C5x20%2C5x22&page=&mobile=1&iframebuster=ALL&kargo_id=a39d21c0-8ab0-11e6-a984-6f4fbc502d7d&_cb=1479272484634""","""Mozilla/5.0 (iPhone; CPU iPhone OS 10_0_2 like Mac OS X) AppleWebKit/602.1.50 (KHTML, like Gecko) Version/10.0 Mobile/14A456 Safari/602.1""","[
  ""IAB1""
]","null","[]","320","null","null","1479272484","""Safari""","iOS","iOS_Other","""a39d21c0-8ab0-11e6-a984-6f4fbc502d7d""","{
  ""city"": ""Seattle"",
  ""country"": ""US"",
  ""country_region"": ""US-WA"",
  ""dma"": 819,
  ""region"": ""WA"",
  ""zip"": ""98115""
}"
"4","2016-11-16","397f02b0-5c58-4f17-b573-f0a0e30fc7ce","yes_bid","225b96e9-4c73-434f-9440-9c19c840cc39","""http://www.ew.com/article/2016/11/15/deadliest-catch-jake-harris-icu-attacked""","""/ads/4778/300x250/?asize=1x1%2C300x50%2C320x50%2C300x250%2C146x200%2C5x7%2C5x8%2C5x22&page=http%3A%2F%2Fwww.ew.com%2Farticle%2F2016%2F11%2F15%2Fdeadliest-catch-jake-harris-icu-attacked&mobile=1&iframebuster=ALL&kargo_id=null&_cb=1479272842208""","""Mozilla/5.0 (Linux; Android 6.0.1; SAMSUNG-SM-G930A Build/MMB29M; wv) AppleWebKit/537.36 (KHTML, like Gecko) Version/4.0 Chrome/54.0.2840.85 Mobile Safari/537.36 [FB_IAB/FB4A;FBAV/102.0.0.28.70;]""","[
  ""IAB12"",
  ""IAB17"",
  ""IAB1""
]","""ew.com""","[]","508","""http://www.ew.com/article/2016/11/15/deadliest-catch-jake-harris-icu-attacked""","null","1479272821","""Chrome""","Android","Android_6","""null""","{
  ""city"": ""Laramie"",
  ""country"": ""US"",
  ""country_region"": ""US-WY"",
  ""dma"": 759,
  ""region"": ""WY"",
  ""zip"": ""82071""
}"
"5","2016-11-16","c1dd46a0-a3bc-495e-be84-f37a11f87d5d","yes_bid","f6bd4057-ae38-4a36-a5fa-2c63ce99c1b2","""http://m.tmz.com/""","""/ads/4711/300x250/?asize=1x1%2C320x460%2C300x250%2C300x50%2C320x50%2C146x200%2C5x7%2C5x20%2C5x22&page=http%3A%2F%2Fwww.google.com%2F&mobile=1&iframebuster=ALL&kargo_id=null&_cb=1479272493168""","""Mozilla/5.0 (Linux; Android 6.0.1; SAMSUNG-SM-G900A Build/MMB29M) AppleWebKit/537.36 (KHTML, like Gecko) Chrome/54.0.2840.85 Mobile Safari/537.36""","[
  ""IAB1""
]","""google.com""","[
  ""gx_search""
]","320","""http://www.google.com/""","null","1479272467","""Chrome""","Android","Android_6","""null""","{
  ""city"": ""Hemet"",
  ""country"": ""US"",
  ""country_region"": ""US-CA"",
  ""dma"": 803,
  ""region"": ""CA"",
  ""zip"": ""92545""
}"
"6","2016-11-16","6556af9d-1f0e-4e1a-b140-f2d02573941b","yes_bid","e428352c-8b3a-4c5e-a5d1-87e16a1910dc","""http://www.askmen.com/news/entertainment/jason-momoa-drinks-beer-and-throws-axes-as-one-does.html""","""/ads/4741/300x250/?asize=1x1%2C300x50%2C320x50%2C300x250%2C146x200%2C5x7%2C5x8%2C5x22&page=http%3A%2F%2Fwww.askmen.com%2Fnews%2Fentertainment%2Fjason-momoa-drinks-beer-and-throws-axes-as-one-does.html&mobile=1&iframebuster=ALL&kargo_id=ee3ecdd0-aad8-11e6-b11b-7f481a72d75b&krux_segments=q9ajb5x67%2Cqr3jrb1tx%2Cqs5vm4p3j%2Cqr3i2d826%2Cq898qbfa7%2Cqnsohfu20%2Cquebkf6iz%2Cqv9v969mg%2Cqr3ixr4m1%2Cqr3jsqr2m%2Cqs5vvdxkg%2Cqj9vssqf8%2Cqs5vbgky7%2Cqs5v1lwkn%2Cqr3jwvu6z%2Cqs28zs0x9&_cb=1479273092568""","""Mozilla/5.0 (Linux; Android 6.0.1; SM-G935T Build/MMB29M) AppleWebKit/537.36 (KHTML, like Gecko) Chrome/54.0.2840.85 Mobile Safari/537.36""","[
  ""IAB2"",
  ""IAB1"",
  ""IAB1-6""
]","""askmen.com""","[
  ""gs_entertain"",
  ""gs_food"",
  ""gs_food_drink"",
  ""gs_lifestyle"",
  ""gs_lifestyle_millennial"",
  ""gv_alcohol"",
  ""gv_safe_core"",
  ""kg_cc_uo_2016"",
  ""kg_fdafreshempire""
]","104","""http://www.askmen.com/news/entertainment/jason-momoa-drinks-beer-and-throws-axes-as-one-does.html""","[
  ""q898qbfa7"",
  ""q9ajb5x67"",
  ""qj9vssqf8"",
  ""qnsohfu20"",
  ""qr3i2d826"",
  ""qr3ixr4m1"",
  ""qr3jrb1tx"",
  ""qr3jsqr2m"",
  ""qr3jwvu6z"",
  ""qs28zs0x9"",
  ""qs5v1lwkn"",
  ""qs5vbgky7"",
  ""qs5vm4p3j"",
  ""qs5vvdxkg"",
  ""quebkf6iz"",
  ""qv9v969mg""
]","1479273093","""Chrome""","Android","Android_6","""ee3ecdd0-aad8-11e6-b11b-7f481a72d75b""","{
  ""city"": ""Sacramento"",
  ""country"": ""US"",
  ""country_region"": ""US-CA"",
  ""dma"": 862,
  ""region"": ""CA"",
  ""zip"": ""95820""
}"
"7","2016-11-16","956bae2e-7904-4ed0-828a-c49b29376e8e","yes_bid","008fdef7-78e2-4a8a-93e7-29e0ae50c627","""http://www.hgtv.com/content/hgtv-com/en/design/hgtv-urban-oasis/sweepstakes/thanks.html""","""/ads/4423/300x250/?asize=1x1%2C320x460%2C300x250%2C300x50%2C320x50%2C146x200%2C5x7%2C5x8%2C5x20%2C5x22&page=http%3A%2F%2Fwww.hgtv.com%2Fcontent%2Fhgtv-com%2Fen%2Fdesign%2Fhgtv-urban-oasis%2Fsweepstakes%2Fthanks.html&mobile=1&iframebuster=ALL&kargo_id=fd53d520-ab4d-11e6-8298-bb79408bffa7&_cb=1479272799430""","""Mozilla/5.0 (Linux; Android 6.0.1; SAMSUNG-SM-J120A Build/MMB29K) AppleWebKit/537.36 (KHTML, like Gecko) Chrome/54.0.2840.85 Mobile Safari/537.36""","[
  ""IAB2-1""
]","""hgtv.com""","[
  ""gs_home""
]","203","""http://www.hgtv.com/content/hgtv-com/en/design/hgtv-urban-oasis/sweepstakes/thanks.html""","null","1479272800","""Chrome""","Android","Android_6","""fd53d520-ab4d-11e6-8298-bb79408bffa7""","{
  ""city"": ""Ventura"",
  ""country"": ""US"",
  ""country_region"": ""US-CA"",
  ""dma"": 803,
  ""region"": ""CA"",
  ""zip"": ""93003""
}"
"8","2016-11-16","738c7507-a86f-481d-821e-ed3346ece398","yes_bid","412c2aac-a060-4305-bec8-73a6591ac9eb","""http://www.hgtv.com/design/hgtv-urban-oasis/sweepstakes""","""/ads/4423/300x250/?asize=1x1%2C320x460%2C300x250%2C300x50%2C320x50%2C146x200%2C5x7%2C5x8%2C5x20%2C5x22&page=http%3A%2F%2Fwww.hgtv.com%2Fdesign%2Fhgtv-urban-oasis%2Fsweepstakes&mobile=1&iframebuster=ALL&kargo_id=null&_cb=1479273085651""","""Mozilla/5.0 (Android 6.0; Mobile; rv:49.0) Gecko/49.0 Firefox/49.0""","[
  ""IAB2-1""
]","""hgtv.com""","[
  ""gs_home""
]","203","""http://www.hgtv.com/design/hgtv-urban-oasis/sweepstakes""","null","1479273087","""Firefox""","Android","Android_6","""null""","{
  ""city"": ""Carrizozo"",
  ""country"": ""US"",
  ""country_region"": ""US-NM"",
  ""dma"": 790,
  ""region"": ""NM"",
  ""zip"": ""88301""
}"
"9","2016-11-16","55afda7d-befd-41ab-94d7-5dd97f4036b6","yes_bid","83ba4681-7b7d-4fc5-bff7-0c780436473b","""http://www.hgtv.com/design/hgtv-urban-oasis/sweepstakes?nl=PC-HGTV:UO2016_111516_postcard&bid=8127596&c32=4e4c53590fef5b824c2d42a6a33249c24a1d637e&ssid=2016_Travel_Channel_Monthly_Sweepstakes_201604_Wildfire&sni_by=1967&sni_gn=Male""","""/ads/4423/300x250/?asize=1x1%2C320x460%2C300x250%2C300x50%2C320x50%2C146x200%2C5x7%2C5x8%2C5x20%2C5x22&page=http%3A%2F%2Fwww.hgtv.com%2Fdesign%2Fhgtv-urban-oasis%2Fsweepstakes%3Fnl%3DPC-HGTV%3AUO2016_111516_postcard%26bid%3D8127596%26c32%3D4e4c53590fef5b824c2d42a6a33249c24a1d637e%26ssid%3D2016_Travel_Channel_Monthly_Sweepstakes_201604_Wildfire%26sni_by%3D1967%26sni_gn%3DMale&mobile=1&iframebuster=ALL&kargo_id=null&_cb=1479272949807""","""Mozilla/5.0 (Linux; Android 6.0.1; SM-G930V Build/MMB29M) AppleWebKit/537.36 (KHTML, like Gecko) Chrome/54.0.2840.85 Mobile Safari/537.36""","[
  ""IAB2-1""
]","""hgtv.com""","[
  ""gs_home""
]","203","""http://www.hgtv.com/design/hgtv-urban-oasis/sweepstakes?nl=PC-HGTV:UO2016_111516_postcard&bid=8127596&c32=4e4c53590fef5b824c2d42a6a33249c24a1d637e&ssid=2016_Travel_Channel_Monthly_Sweepstakes_201604_Wildfire&sni_by=1967&sni_gn=Male""","null","1479272952","""Chrome""","Android","Android_6","""null""","{
  ""city"": ""Salem"",
  ""country"": ""US"",
  ""country_region"": ""US-OR"",
  ""dma"": 820,
  ""region"": ""OR"",
  ""zip"": ""97302""
}"
"10","2016-11-16","5c512bc1-bb82-4f1b-9baa-469c4c2218e0","yes_bid","541e28ee-b201-4612-bf89-a60d207d934e","""http://nameberry.com/babyname/Annie""","""/ads/4284/300x250/?asize=1x1%2C300x50%2C320x50%2C300x250%2C146x200%2C5x7%2C5x8%2C5x22&page=http%3A%2F%2Fnameberry.com%2Fbabyname%2FAnnie&mobile=1&iframebuster=ALL&kargo_id=null&_cb=1479272510440""","""Mozilla/5.0 (Linux; Android 6.0.1; SM-G900P Build/MMB29M) AppleWebKit/537.36 (KHTML, like Gecko) Chrome/54.0.2840.85 Mobile Safari/537.36""","[
  ""IAB6""
]","""nameberry.com""","[
  ""gs_entertain"",
  ""gs_entertain_tv"",
  ""gs_family_baby"",
  ""gs_family_parenting"",
  ""gs_family_pregnancy"",
  ""gv_safe"",
  ""gv_safe_core"",
  ""kg_fdafreshempire"",
  ""kg_starcom_antitarget""
]","74","""http://nameberry.com/babyname/Annie""","null","1479272485","""Chrome""","Android","Android_6","""null""","{
  ""city"": ""Highland"",
  ""country"": ""US"",
  ""country_region"": ""US-CA"",
  ""dma"": 803,
  ""region"": ""CA"",
  ""zip"": ""92346""
}"
"11","2016-11-16","49ef648b-3386-45f8-99c1-1e3b312a64dc","yes_bid","8fac4cff-48be-4525-86ec-8eccf1605d42","""http://www.askmen.com/money/how_to_60/98b_how_to.html""","""/ads/4741/300x250/?asize=1x1%2C300x50%2C320x50%2C300x250%2C146x200%2C5x7%2C5x8%2C5x22&page=http%3A%2F%2Fwww.askmen.com%2Fmoney%2Fhow_to_60%2F98b_how_to.html&mobile=1&iframebuster=ALL&kargo_id=a00823d0-9eeb-11e6-8337-9f9760ccfa2a&krux_segments=qs5vpo0l4%2Cqxcolc4ex%2Cqoght08v9%2Cqr3mgt617%2Cq2gxsw5c1%2Cqo0d1c7xm%2Cq4nifotml%2Cqj9vsf06v%2Cqs5vvdxkg%2Cqryunore3%2Cqj9vsi9bx%2Cqse4iydgz%2Cqsbhs7s9m%2Cqj9vsoq18%2Cqpn5q2f4y%2Cq3ksdm490%2Cqs5vm4p3j%2Cqx9cr9fvy%2Cqu5v0nhfu%2Cqxqaz6jpj%2Cqnsohfu20%2Cqj9vsvstk%2Cqr3m4onht%2Cqj9vsjyzg%2Cqs5vws971%2Cqj9vsc5ti%2Cqj9vsl1om%2Cq1jstdo9m%2Cqj9vsh4mq%2Cqv9v98gpo%2Cqrad1ehcw%2Cquidyozap%2Cqs5v1lwkn%2Cqxcpnze06&_cb=1479272482897""","""Mozilla/5.0 (Linux; Android 6.0.1; SM-G930T Build/MMB29M) AppleWebKit/537.36 (KHTML, like Gecko) Chrome/54.0.2840.68 Mobile Safari/537.36""","[
  ""IAB2"",
  ""IAB1"",
  ""IAB1-6""
]","""askmen.com""","[
  ""gs_business"",
  ""gs_health"",
  ""gs_law"",
  ""kg_cc_uo_2016"",
  ""kg_fdafreshempire"",
  ""kg_humira_ps_q3_2016"",
  ""kg_mcdonalds_all campaigns_Q1_Q4_2017"",
  ""kg_starcom_antitarget"",
  ""usaf_negativekeywordsegment_aug2015""
]","104","""http://www.askmen.com/money/how_to_60/98b_how_to.html""","[
  ""q1jstdo9m"",
  ""q2gxsw5c1"",
  ""q3ksdm490"",
  ""q4nifotml"",
  ""qj9vsc5ti"",
  ""qj9vsf06v"",
  ""qj9vsh4mq"",
  ""qj9vsi9bx"",
  ""qj9vsjyzg"",
  ""qj9vsl1om"",
  ""qj9vsoq18"",
  ""qj9vsvstk"",
  ""qnsohfu20"",
  ""qo0d1c7xm"",
  ""qoght08v9"",
  ""qpn5q2f4y"",
  ""qr3m4onht"",
  ""qr3mgt617"",
  ""qrad1ehcw"",
  ""qryunore3"",
  ""qs5v1lwkn"",
  ""qs5vm4p3j"",
  ""qs5vpo0l4"",
  ""qs5vvdxkg"",
  ""qs5vws971"",
  ""qsbhs7s9m"",
  ""qse4iydgz"",
  ""qu5v0nhfu"",
  ""quidyozap"",
  ""qv9v98gpo"",
  ""qx9cr9fvy"",
  ""qxcolc4ex"",
  ""qxcpnze06"",
  ""qxqaz6jpj""
]","1479272482","""Chrome""","Android","Android_6","""a00823d0-9eeb-11e6-8337-9f9760ccfa2a""","{
  ""city"": ""North Hollywood"",
  ""country"": ""US"",
  ""country_region"": ""US-CA"",
  ""dma"": 803,
  ""region"": ""CA"",
  ""zip"": ""91601""
}"
"12","2016-11-16","c34a74f1-e202-49e6-8f6a-3d18adce42c6","yes_bid","7161c695-5f59-4e0d-94df-914e7426b089","""http://www.askmen.com/entertainment/mrtech_100/126b_tech_gadgets.html""","""/ads/4741/300x250/?asize=1x1%2C300x50%2C320x50%2C300x250%2C146x200%2C5x7%2C5x8%2C5x22&page=http%3A%2F%2Fwww.askmen.com%2Fentertainment%2Fmrtech_100%2F126b_tech_gadgets.html&mobile=1&iframebuster=ALL&kargo_id=86822d41-abb4-11e6-804c-978ab289dd3c&_cb=1479272825613""","""Mozilla/5.0 (Linux; Android 6.0.1; XT1650 Build/MCLS24.246-36-3) AppleWebKit/537.36 (KHTML, like Gecko) Chrome/54.0.2840.85 Mobile Safari/537.36""","[
  ""IAB2"",
  ""IAB1"",
  ""IAB1-6""
]","""askmen.com""","[
  ""gs_fashion"",
  ""gs_fashion_men"",
  ""gs_food"",
  ""gs_shopping"",
  ""gs_shopping_holiday"",
  ""gv_safe_core"",
  ""kg_bbyholidaytech"",
  ""kg_fdafreshempire"",
  ""kg_netaporter_q3_2016""
]","104","""http://www.askmen.com/entertainment/mrtech_100/126b_tech_gadgets.html""","null","1479272825","""Chrome""","Android","Android_6","""86822d41-abb4-11e6-804c-978ab289dd3c""","{
  ""city"": ""Richland"",
  ""country"": ""US"",
  ""country_region"": ""US-WA"",
  ""dma"": 819,
  ""region"": ""WA"",
  ""zip"": ""99352""
}"
"13","2016-11-16","fbc8347a-97d1-4714-9f13-efa92f3215e6","yes_bid","7a3a498e-3adf-44e4-8557-3b677f71750d","""http://www.food.com/ideas/gluten-free-holiday-cookies-6125?c=10761""","""/ads/4414/300x250/?asize=1x1%2C320x460%2C300x250%2C300x50%2C320x50%2C146x200%2C5x7%2C5x8%2C5x17%2C5x20%2C5x22&page=http%3A%2F%2Fwww.food.com%2Fideas%2Fgluten-free-holiday-cookies-6125%3Fc%3D10761&mobile=1&iframebuster=ALL&kargo_id=null&krux_segments=qv9v94006%2Cqnsohfu20&_cb=1479272478035""","""Mozilla/5.0 (Linux; Android 5.0; SM-N900T Build/LRX21V) AppleWebKit/537.36 (KHTML, like Gecko) Chrome/54.0.2840.85 Mobile Safari/537.36""","[
  ""IAB8""
]","""food.com""","[
  ""gs_event_thanksgiving"",
  ""gs_food"",
  ""gs_food_dessert"",
  ""gs_food_diet"",
  ""gs_shopping"",
  ""gs_shopping_holiday"",
  ""gv_safe"",
  ""gv_safe_core"",
  ""kg_netaporter_q3_2016""
]","186","""http://www.food.com/ideas/gluten-free-holiday-cookies-6125?c=10761""","[
  ""qnsohfu20"",
  ""qv9v94006""
]","1479272477","""Chrome""","Android","Android_5","""null""","{
  ""city"": ""Littleton"",
  ""country"": ""US"",
  ""country_region"": ""US-CO"",
  ""dma"": 751,
  ""region"": ""CO"",
  ""zip"": ""80126""
}"
"14","2016-11-16","f2354506-17b0-42bd-a508-703b6144f037","yes_bid","b86ef11e-48d5-49ed-8786-e0daa967f111","""http://m.tmz.com/""","""/ads/4711/300x250/?asize=1x1%2C320x460%2C300x250%2C300x50%2C320x50%2C146x200%2C5x7%2C5x20%2C5x22&page=http%3A%2F%2Fwww.google.com%2F&mobile=1&iframebuster=ALL&kargo_id=null&_cb=1479272469154""","""Mozilla/5.0 (Linux; Android 6.0.1; SAMSUNG-SM-N920A Build/MMB29K) AppleWebKit/537.36 (KHTML, like Gecko) Chrome/54.0.2840.85 Mobile Safari/537.36""","[
  ""IAB1""
]","""google.com""","[
  ""gx_search""
]","320","""http://www.google.com/""","null","1479272472","""Chrome""","Android","Android_6","""null""","{
  ""city"": ""Sacramento"",
  ""country"": ""US"",
  ""country_region"": ""US-CA"",
  ""dma"": 862,
  ""region"": ""CA"",
  ""zip"": ""95833""
}"
"15","2016-11-16","6b8c89a1-8530-451b-87c0-341b2e4ed296","yes_bid","9aa95bb7-550f-4fbb-a81a-41a47b431492","""http://www.askmen.com/entertainment/mrtech_100/126_tech_gadgets.html""","""/ads/4741/300x250/?asize=1x1%2C300x50%2C320x50%2C300x250%2C146x200%2C5x7%2C5x8%2C5x22&page=http%3A%2F%2Fwww.askmen.com%2Fentertainment%2Fmrtech_100%2F126_tech_gadgets.html&mobile=1&iframebuster=ALL&kargo_id=a4231c51-abba-11e6-bb26-fdaf613ba512&krux_segments=qj9vsjew4%2Cq898qbfa7%2Cqj9vspest%2Cq07voa1s7%2Cqr3mgt617%2Cq7uvtz6yd%2Cqrbo7mx7s%2Cqr3ixr4m1%2Cq0k4ygy7b%2Cqnsriw6xi%2Cqrnnzv8w9%2Cqwx2ikrwv%2Cqv5xy8zay%2Cqs6lw02wv%2Cqxc0cd48a%2Cqtu72jff9%2Cqzb6gyshs%2Cq9ajb5x67%2Cqj9vsupu9%2Cqoz6btdz2%2Cqs26ypr7w%2Cq898t9io2%2Cqr61ukhkx%2Cqj9vseaek%2Cq0pevd1yj%2Cqj9vskppt%2Cqr3izq6rl%2Cqj9vsmzfj%2Cqj9vsc5ti%2Cq3ksloau5%2Cq24b42yht%2Cqsp449vju%2Cqj9vswbyt%2Cqj9vsobl5%2Cqj9vse9q0%2Cqj9vsrtmg%2Cqrbyke9rz%2Cqj9vswo45%2Cqv9wac5m0%2Cqj9vsi9bx%2Cqpsc5fkf3%2Cq3rv8qz8a%2Cqse4iydgz%2Cqreztkkjt%2Cq895e23yd%2Cqv9v90gsk%2Cq9d5pe1c1%2Cqj9vsl8iv%2Cqo0gjde4i%2Cqwlpst9vs%2Cqrnotg0do%2Cqxpxirp4v%2Cqx9cr9fvy%2Cq07vh4k3l%2Cqtrezgd8a%2Cqtp7geyk2%2Cq898fvvwb%2Cqsp51x3kl%2Cqnsqsi5bj%2Cq1jstdo9m%2Cqj9vsh4mq%2Cqualrpged%2Cqti1siiyh%2Cqj9vsowtr%2Cquidyozap%2Cq07m302ug%2Cqs5v1lwkn%2Cqualdryip%2Cqn38bprmg%2Cqj9vstd0a%2Cq2sm3wre6%2Cq895i9j6c%2Cqoght08v9%2Cqmsox4ug4%2Cqo8f31hvq%2Cq8975tcwx%2Cq287trtwi%2Cqqjteuosz%2Cqr3nz153w%2Cq89k7vh6y%2Cqj9vssy3v%2Cqxp9dgxgs%2Cqoz0n15nl%2Cqrbwvkk3q%2Cqu9qt843r%2Cqj9vsnd2y%2Cq3ksdm490%2Cqu5v0nhfu%2Cq897t3dhn%2Cqj9vsrpxm%2Cqnsohfu20%2Cqwlp23mgp%2Cqxcpebh64%2Cqud3osr5m%2Cqj9vslpih%2Cqj9vsppeo%2Cqtvcgd2rt%2Cqv9wabm7g%2Cq6rwt04jb%2Cqti06xn1v%2Cqj9vst7kd%2Cqrb79jupp%2Cqvxo4jlj7%2Cqyx4d9i5h%2Cqr3i2d826%2Cqj9vsuvtk%2Cqogdy67bm%2Cquebkf6iz%2Cq1cux79eu%2Cqr3oxq4s2%2Cqj9vsggxv%2Cqwtqckqgc%2Cq2gxsw5c1%2Cq4gaaxltu%2Cqs5vvdxkg%2Cqj9vsqu4b%2Cqj9vsts7h%2Cq89nhfbkc%2Cqoggy3ynt%2Cqy4udljr1%2Cq0764nd5h%2Cqrfd18yoj%2Cqs5vm4p3j%2Cqxpeztwnq%2Cqxqaz6jpj%2Cqj9vsvstk%2Cqz4emccbm%2Cq0ghv9pnq%2Cqzpubqxgy%2Cqj9vspweo%2Cqvts26sdl%2Cqj9vsg82r%2Cqj9vshdxm%2Cqz4cskuxw%2Cq2ryn8hxf%2Cq898lixzw&_cb=1479359599484""","""Mozilla/5.0 (Linux; Android 5.1.1; SM-G360V Build/LMY48B) AppleWebKit/537.36 (KHTML, like Gecko) Chrome/53.0.2785.124 Mobile Safari/537.36""","[
  ""IAB2"",
  ""IAB1"",
  ""IAB1-6""
]","""askmen.com""","[
  ""gs_event"",
  ""gs_fashion"",
  ""gs_shopping"",
  ""gs_shopping_holiday"",
  ""gv_safe"",
  ""gv_safe_core"",
  ""kg_bbyholidaytech"",
  ""kg_fdafreshempire"",
  ""kg_netaporter_q3_2016""
]","104","""http://www.askmen.com/entertainment/mrtech_100/126_tech_gadgets.html""","[
  ""q0764nd5h"",
  ""q07m302ug"",
  ""q07vh4k3l"",
  ""q07voa1s7"",
  ""q0ghv9pnq"",
  ""q0k4ygy7b"",
  ""q0pevd1yj"",
  ""q1cux79eu"",
  ""q1jstdo9m"",
  ""q24b42yht"",
  ""q287trtwi"",
  ""q2gxsw5c1"",
  ""q2ryn8hxf"",
  ""q2sm3wre6"",
  ""q3ksdm490"",
  ""q3ksloau5"",
  ""q3rv8qz8a"",
  ""q4gaaxltu"",
  ""q6rwt04jb"",
  ""q7uvtz6yd"",
  ""q895e23yd"",
  ""q895i9j6c"",
  ""q8975tcwx"",
  ""q897t3dhn"",
  ""q898fvvwb"",
  ""q898lixzw"",
  ""q898qbfa7"",
  ""q898t9io2"",
  ""q89k7vh6y"",
  ""q89nhfbkc"",
  ""q9ajb5x67"",
  ""q9d5pe1c1"",
  ""qj9vsc5ti"",
  ""qj9vse9q0"",
  ""qj9vseaek"",
  ""qj9vsg82r"",
  ""qj9vsggxv"",
  ""qj9vsh4mq"",
  ""qj9vshdxm"",
  ""qj9vsi9bx"",
  ""qj9vsjew4"",
  ""qj9vskppt"",
  ""qj9vsl8iv"",
  ""qj9vslpih"",
  ""qj9vsmzfj"",
  ""qj9vsnd2y"",
  ""qj9vsobl5"",
  ""qj9vsowtr"",
  ""qj9vspest"",
  ""qj9vsppeo"",
  ""qj9vspweo"",
  ""qj9vsqu4b"",
  ""qj9vsrpxm"",
  ""qj9vsrtmg"",
  ""qj9vssy3v"",
  ""qj9vst7kd"",
  ""qj9vstd0a"",
  ""qj9vsts7h"",
  ""qj9vsupu9"",
  ""qj9vsuvtk"",
  ""qj9vsvstk"",
  ""qj9vswbyt"",
  ""qj9vswo45"",
  ""qmsox4ug4"",
  ""qn38bprmg"",
  ""qnsohfu20"",
  ""qnsqsi5bj"",
  ""qnsriw6xi"",
  ""qo0gjde4i"",
  ""qo8f31hvq"",
  ""qogdy67bm"",
  ""qoggy3ynt"",
  ""qoght08v9"",
  ""qoz0n15nl"",
  ""qoz6btdz2"",
  ""qpsc5fkf3"",
  ""qqjteuosz"",
  ""qr3i2d826"",
  ""qr3ixr4m1"",
  ""qr3izq6rl"",
  ""qr3mgt617"",
  ""qr3nz153w"",
  ""qr3oxq4s2"",
  ""qr61ukhkx"",
  ""qrb79jupp"",
  ""qrbo7mx7s"",
  ""qrbwvkk3q"",
  ""qrbyke9rz"",
  ""qreztkkjt"",
  ""qrfd18yoj"",
  ""qrnnzv8w9"",
  ""qrnotg0do"",
  ""qs26ypr7w"",
  ""qs5v1lwkn"",
  ""qs5vm4p3j"",
  ""qs5vvdxkg"",
  ""qs6lw02wv"",
  ""qse4iydgz"",
  ""qsp449vju"",
  ""qsp51x3kl"",
  ""qti06xn1v"",
  ""qti1siiyh"",
  ""qtp7geyk2"",
  ""qtrezgd8a"",
  ""qtu72jff9"",
  ""qtvcgd2rt"",
  ""qu5v0nhfu"",
  ""qu9qt843r"",
  ""qualdryip"",
  ""qualrpged"",
  ""qud3osr5m"",
  ""quebkf6iz"",
  ""quidyozap"",
  ""qv5xy8zay"",
  ""qv9v90gsk"",
  ""qv9wabm7g"",
  ""qv9wac5m0"",
  ""qvts26sdl"",
  ""qvxo4jlj7"",
  ""qwlp23mgp"",
  ""qwlpst9vs"",
  ""qwtqckqgc"",
  ""qwx2ikrwv"",
  ""qx9cr9fvy"",
  ""qxc0cd48a"",
  ""qxcpebh64"",
  ""qxp9dgxgs"",
  ""qxpeztwnq"",
  ""qxpxirp4v"",
  ""qxqaz6jpj"",
  ""qy4udljr1"",
  ""qyx4d9i5h"",
  ""qz4cskuxw"",
  ""qz4emccbm"",
  ""qzb6gyshs"",
  ""qzpubqxgy""
]","1479273085","""Chrome""","Android","Android_5","""a4231c51-abba-11e6-bb26-fdaf613ba512""","{
  ""city"": ""Seattle"",
  ""country"": ""US"",
  ""country_region"": ""US-WA"",
  ""dma"": 819,
  ""region"": ""WA"",
  ""zip"": ""98109""
}"
"16","2016-11-16","f0adea53-7325-412b-afa1-7b1501e35eb5","yes_bid","2f74cf91-29b5-45ec-8443-388e7ebe6486","""https://www.cuteness.com/article/how-why-do-people-raise-llamas""","""/ads/4897/300x250/?asize=1x1%2C320x460%2C300x250%2C300x50%2C320x50%2C146x200%2C5x7%2C5x8%2C5x20%2C5x22&page=https%3A%2F%2Fwww.cuteness.com%2Farticle%2Fhow-why-do-people-raise-llamas&mobile=1&iframebuster=ALL&kargo_id=e21bb5f1-a537-11e6-b4ff-a3febd87c6b2&_cb=1479273087997""","""Mozilla/5.0 (Linux; Android 6.0.1; SM-G920V Build/MMB29K) AppleWebKit/537.36 (KHTML, like Gecko) Chrome/54.0.2840.85 Mobile Safari/537.36""","[
  ""IAB6"",
  ""IAB9"",
  ""IAB16""
]","""cuteness.com""","[
  ""gs_business"",
  ""gs_business_women"",
  ""gs_fashion"",
  ""gs_fashion_misc"",
  ""gs_fashion_women"",
  ""gv_safe_core"",
  ""kg_fdafreshempire"",
  ""kg_netaporter_q3_2016"",
  ""kg_starcom_antitarget""
]","542","""https://www.cuteness.com/article/how-why-do-people-raise-llamas""","null","1479273090","""Chrome""","Android","Android_6","""e21bb5f1-a537-11e6-b4ff-a3febd87c6b2""","{
  ""city"": ""North Las Vegas"",
  ""country"": ""US"",
  ""country_region"": ""US-NV"",
  ""dma"": 839,
  ""region"": ""NV"",
  ""zip"": ""89084""
}"
"17","2016-11-16","93eeaac4-bc84-4cc8-95bf-e7f61ce44825","yes_bid","72fad96f-dd90-483b-92d8-65f544d06ef2","""http://www.rachaelrayshow.com/recipe/17190_Chicken_Parmigiana/""","""/ads/3722/300x250/?asize=1x1%2C320x460%2C300x250%2C300x50%2C320x50%2C146x200%2C5x7%2C5x8%2C5x20%2C5x22&page=http%3A%2F%2Fwww.rachaelrayshow.com%2Frecipe%2F17190_Chicken_Parmigiana%2F&mobile=1&iframebuster=ALL&kargo_id=03eea611-abb9-11e6-804c-978ab289dd3c&_cb=1479272954929""","""Mozilla/5.0 (Linux; Android 6.0.1; SM-G920V Build/MMB29K) AppleWebKit/537.36 (KHTML, like Gecko) Chrome/54.0.2840.85 Mobile Safari/537.36""","[
  ""IAB1""
]","""rachaelrayshow.com""","[
  ""gs_event_thanksgiving"",
  ""gs_food"",
  ""gs_food_condiments"",
  ""gv_safe"",
  ""gv_safe_core"",
  ""kg_bertolli_alwayson_q2_q1_2017"",
  ""kg_boursin_friendsgiving_q4_2016"",
  ""kg_fdafreshempire"",
  ""ragu_2016""
]","268","""http://www.rachaelrayshow.com/recipe/17190_Chicken_Parmigiana/""","null","1479272956","""Chrome""","Android","Android_6","""03eea611-abb9-11e6-804c-978ab289dd3c""","{
  ""city"": ""Irvine"",
  ""country"": ""US"",
  ""country_region"": ""US-CA"",
  ""dma"": 803,
  ""region"": ""CA"",
  ""zip"": ""92618""
}"
"18","2016-11-16","d5b929ae-b7c1-4d83-8fae-1aea5754ce47","yes_bid","269a0f79-9821-4485-ba18-658926ca4816","""http://www.ew.com/recap/the-fall-season-3-binge-recap/6""","""/ads/4778/300x250/?asize=1x1%2C300x50%2C320x50%2C300x250%2C146x200%2C5x7%2C5x8%2C5x22&page=http%3A%2F%2Fwww.ew.com%2Frecap%2Fthe-fall-season-3-binge-recap%2F6&mobile=1&iframebuster=ALL&kargo_id=af47d101-8f6f-11e6-b4ff-a3febd87c6b2&krux_segments=qj9vstd0a%2Cqvtufeagy%2Cq895i9j6c%2Cq898qbfa7%2Cqoght08v9%2Cq07voa1s7%2Cqr3mgt617%2Cqs295mkev%2Cqt92skrk6%2Cqxo23ds4r%2Cq8975tcwx%2Cq287trtwi%2Cqmsnpdr3s%2Cqyholgda3%2Cq89k7vh6y%2Cqj9vssy3v%2Cqx8yrj262%2Cq287daieb%2Cqj9vsoq18%2Cq9ajb5x67%2Cqoz0n15nl%2Cqrbwvkk3q%2Cqj9vsnd2y%2Cqs26ypr7w%2Cq24bbv6cy%2Cqx6vtysou%2Cq5bmuk9oy%2Cq898t9io2%2Cqvdc25l8q%2Cq897t3dhn%2Cqj9vsrpxm%2Cqnsohfu20%2Cq1cvyyww1%2Cqr3m4onht%2Cqj9vsjyzg%2Cq1jqrsubq%2Cqwlp23mgp%2Cqj9vsmzfj%2Cq0hcj47hy%2Cqj9vsc5ti%2Cq24b42yht%2Cqj9vsppeo%2Cqj9vsobl5%2Cqv9wabm7g%2Cq6rwt04jb%2Cqj9vse9q0%2Cqj9vst7kd%2Cqyx4d9i5h%2Cqrbyke9rz%2Cq1fzp5n77%2Cqj9vsuvtk%2Cqr6bnfwxs%2Cqogdy67bm%2Cquebkf6iz%2Cq4nifotml%2Cq5bml2brv%2Cqj9vsqu4b%2Cqj9vsts7h%2Cq89nhfbkc%2Cq3rv8qz8a%2Cqoggy3ynt%2Cqx6u0vd9m%2Cqy4udljr1%2Cqs3a9gj3o%2Cqse4iydgz%2Cqsaipkezv%2Cq895e23yd%2Cqj9vsl8iv%2Cqrnotg0do%2Cqxo3nx8v9%2Cq07va5g7w%2Cq07vh4k3l%2Cqxqaz6jpj%2Cqxc2m0o0w%2Cq6x9ccml1%2Cqs24o7nnv%2Cqj9vsvstk%2Cqse5lzn9k%2Cqsp6b9oz2%2Cq898fvvwb%2Cqj9vspweo%2Cq1jstdo9m%2Cqj9vsh4mq%2Cqvts26sdl%2Cq07m302ug%2Cqj9vshdxm%2Cq1bxpcl5e%2Cq898lixzw%2Cqj9vst1oy%2Cqs28zs0x9&_cb=1479272820350""","""Mozilla/5.0 (Linux; Android 7.0; Nexus 6P Build/NBD90X) AppleWebKit/537.36 (KHTML, like Gecko) Chrome/54.0.2840.85 Mobile Safari/537.36""","[
  ""IAB12"",
  ""IAB17"",
  ""IAB1""
]","""ew.com""","[
  ""gv_death_injury"",
  ""gv_terrorism"",
  ""gv_unsafe"",
  ""kg_cc_uo_2016"",
  ""kg_clearblue_Q2_2016"",
  ""kg_fdafreshempire"",
  ""kg_mcdonalds_all campaigns_Q1_Q4_2017"",
  ""kg_starcom_antitarget"",
  ""usaf_negativekeywordsegment_aug2015""
]","508","""http://www.ew.com/recap/the-fall-season-3-binge-recap/6""","[
  ""q07m302ug"",
  ""q07va5g7w"",
  ""q07vh4k3l"",
  ""q07voa1s7"",
  ""q0hcj47hy"",
  ""q1bxpcl5e"",
  ""q1cvyyww1"",
  ""q1fzp5n77"",
  ""q1jqrsubq"",
  ""q1jstdo9m"",
  ""q24b42yht"",
  ""q24bbv6cy"",
  ""q287daieb"",
  ""q287trtwi"",
  ""q3rv8qz8a"",
  ""q4nifotml"",
  ""q5bml2brv"",
  ""q5bmuk9oy"",
  ""q6rwt04jb"",
  ""q6x9ccml1"",
  ""q895e23yd"",
  ""q895i9j6c"",
  ""q8975tcwx"",
  ""q897t3dhn"",
  ""q898fvvwb"",
  ""q898lixzw"",
  ""q898qbfa7"",
  ""q898t9io2"",
  ""q89k7vh6y"",
  ""q89nhfbkc"",
  ""q9ajb5x67"",
  ""qj9vsc5ti"",
  ""qj9vse9q0"",
  ""qj9vsh4mq"",
  ""qj9vshdxm"",
  ""qj9vsjyzg"",
  ""qj9vsl8iv"",
  ""qj9vsmzfj"",
  ""qj9vsnd2y"",
  ""qj9vsobl5"",
  ""qj9vsoq18"",
  ""qj9vsppeo"",
  ""qj9vspweo"",
  ""qj9vsqu4b"",
  ""qj9vsrpxm"",
  ""qj9vssy3v"",
  ""qj9vst1oy"",
  ""qj9vst7kd"",
  ""qj9vstd0a"",
  ""qj9vsts7h"",
  ""qj9vsuvtk"",
  ""qj9vsvstk"",
  ""qmsnpdr3s"",
  ""qnsohfu20"",
  ""qogdy67bm"",
  ""qoggy3ynt"",
  ""qoght08v9"",
  ""qoz0n15nl"",
  ""qr3m4onht"",
  ""qr3mgt617"",
  ""qr6bnfwxs"",
  ""qrbwvkk3q"",
  ""qrbyke9rz"",
  ""qrnotg0do"",
  ""qs24o7nnv"",
  ""qs26ypr7w"",
  ""qs28zs0x9"",
  ""qs295mkev"",
  ""qs3a9gj3o"",
  ""qsaipkezv"",
  ""qse4iydgz"",
  ""qse5lzn9k"",
  ""qsp6b9oz2"",
  ""qt92skrk6"",
  ""quebkf6iz"",
  ""qv9wabm7g"",
  ""qvdc25l8q"",
  ""qvts26sdl"",
  ""qvtufeagy"",
  ""qwlp23mgp"",
  ""qx6u0vd9m"",
  ""qx6vtysou"",
  ""qx8yrj262"",
  ""qxc2m0o0w"",
  ""qxo23ds4r"",
  ""qxo3nx8v9"",
  ""qxqaz6jpj"",
  ""qy4udljr1"",
  ""qyholgda3"",
  ""qyx4d9i5h""
]","1479272821","""Chrome""","Android","Android_Other","""af47d101-8f6f-11e6-b4ff-a3febd87c6b2""","{
  ""city"": ""Santa Ana"",
  ""country"": ""US"",
  ""country_region"": ""US-CA"",
  ""dma"": 803,
  ""region"": ""CA"",
  ""zip"": ""92704""
}"
"19","2016-11-16","4e35630c-27de-4a6c-8672-b2156322957a","yes_bid","3c427790-6d2a-4ed2-a564-1f6652b7059a","""http://www.womansday.com/food-recipes/food-drinks/g16/make-ahead-thanksgiving-dishes-113479/?src=nl&mag=wdy&list=nl_wdw_news&date=110116""","""/ads/4067/300x250/?asize=1x1%2C320x460%2C300x250%2C300x50%2C320x50%2C146x200%2C5x7%2C5x8%2C5x17%2C5x20%2C5x22&page=http%3A%2F%2Fwww.womansday.com%2Ffood-recipes%2Ffood-drinks%2Fg16%2Fmake-ahead-thanksgiving-dishes-113479%2F%3Fsrc%3Dnl%26mag%3Dwdy%26list%3Dnl_wdw_news%26date%3D110116&mobile=1&iframebuster=ALL&kargo_id=d8c4c511-7bb5-11e6-b14f-adbb491fdcb2&krux_segments=qogcyqwww%2Cq0k6liwwy%2Cqj9vsjew4%2Cqp0c53wwa%2Cq07voa1s7%2Cqrz9q8fhp%2Cqr3mgt617%2Cqrbo7mx7s%2Cqr3ixr4m1%2Cqr3jsqr2m%2Cqnsriw6xi%2Cq287i847n%2Cqrnnzv8w9%2Cqv5xy8zay%2Cqs6lw02wv%2Cqj9vsupu9%2Cqs26ypr7w%2Cq1cvyyww1%2Cqj9vseaek%2Cqxcoytqa7%2Cq1jqrsubq%2Cqj9vsq4px%2Cqr3izq6rl%2Cqsbho3ft7%2Cq24b42yht%2Cqv9v97d9w%2Cqj9vswbyt%2Cqrfsodc66%2Cqj9vsobl5%2Cqj9vse9q0%2Cqrbyke9rz%2Cqv9v95yz2%2Cqv9v98oci%2Cqj9vswo45%2Cqv9v9zalx%2Cq5bml2brv%2Cqj9vsix5n%2Cqj9vsi9bx%2Cqpsc5fkf3%2Cq3rv8qz8a%2Cqse4iydgz%2Cqxpk9gvti%2Cqj9vsl8iv%2Cqv9wac9ty%2Cqwlpst9vs%2Cqr3jrb1tx%2Cq07va5g7w%2Cq07vh4k3l%2Cqj9vsf6xi%2Cqsp6b9oz2%2Cqj9vssqf8%2Cqs5vbgky7%2Cqnsqsi5bj%2Cq1jstdo9m%2Cqj9vsh4mq%2Cqti1siiyh%2Cqj9vsowtr%2Cquidyozap%2Cq07m302ug%2Cqr3jwvu6z%2Cqpzvwg5ub%2Cqzxl1s3hw%2Cqrbe8tr0d%2Cq2sm3wre6%2Cqoght08v9%2Cqmsox4ug4%2Cqt92skrk6%2Cq287trtwi%2Cqmsnpdr3s%2Cqqjteuosz%2Cqyholgda3%2Cqj9vssy3v%2Cqx8yrj262%2Cq287daieb%2Cqj9vsoq18%2Cqoz0n15nl%2Cqrbwvkk3q%2Cqj9vsnd2y%2Cq24bbv6cy%2Cq3ksdm490%2Cqxcoqmk6b%2Cqj9vsrpxm%2Cqnsohfu20%2Cqsyujovwy%2Cqr3m4onht%2Cqj9vsjyzg%2Cqrbqcx3z5%2Cqj9vslpih%2Cqj9vshyy3%2Cqtvcgd2rt%2Cq6rwt04jb%2Cqj9vst7kd%2Cqr3i2d826%2Cq1fzp5n77%2Cqj9vsuvtk%2Cqs5vpo0l4%2Cqogdy67bm%2Cquebkf6iz%2Cqj9vsggxv%2Cqwtqckqgc%2Cq2gxsw5c1%2Cqo0d1c7xm%2Cqrcjgxvda%2Cqs5vvdxkg%2Cqv9wags3q%2Cqxcou6qap%2Cqj9vsqu4b%2Cqx6u0vd9m%2Cqqufcib4g%2Cqs5vm4p3j%2Cqxqaz6jpj%2Cqu9kt50r3%2Cqvttwzwc7%2Cqs24o7nnv%2Cqs5vd12ti%2Cq1jruzmxs%2Cqj9vsl1om%2Cqj9vspweo%2Cqvts26sdl%2Cqj9vshdxm%2Cqyg8j4sya%2Cqj9vst1oy%2Cqs28zs0x9&_cb=1479272479031""","""Mozilla/5.0 (Linux; Android 5.0.1; SAMSUNG-SGH-I337 Build/LRX22C) AppleWebKit/537.36 (KHTML, like Gecko) Chrome/54.0.2840.85 Mobile Safari/537.36""","[
  ""IAB2"",
  ""IAB2-9"",
  ""IAB1-7"",
  ""IAB2-11"",
  ""IAB1-6""
]","""womansday.com""","[
  ""gs_event"",
  ""gs_event_blackfriday"",
  ""gs_event_christmas"",
  ""gs_event_thanksgiving"",
  ""gs_food"",
  ""gv_safe"",
  ""gv_safe_core"",
  ""kg_bbyholidaytech"",
  ""kg_boursin_friendsgiving_q4_2016""
]","339","""http://www.womansday.com/food-recipes/food-drinks/g16/make-ahead-thanksgiving-dishes-113479/?src=nl&mag=wdy&list=nl_wdw_news&date=110116""","[
  ""q07m302ug"",
  ""q07va5g7w"",
  ""q07vh4k3l"",
  ""q07voa1s7"",
  ""q0k6liwwy"",
  ""q1cvyyww1"",
  ""q1fzp5n77"",
  ""q1jqrsubq"",
  ""q1jruzmxs"",
  ""q1jstdo9m"",
  ""q24b42yht"",
  ""q24bbv6cy"",
  ""q287daieb"",
  ""q287i847n"",
  ""q287trtwi"",
  ""q2gxsw5c1"",
  ""q2sm3wre6"",
  ""q3ksdm490"",
  ""q3rv8qz8a"",
  ""q5bml2brv"",
  ""q6rwt04jb"",
  ""qj9vse9q0"",
  ""qj9vseaek"",
  ""qj9vsf6xi"",
  ""qj9vsggxv"",
  ""qj9vsh4mq"",
  ""qj9vshdxm"",
  ""qj9vshyy3"",
  ""qj9vsi9bx"",
  ""qj9vsix5n"",
  ""qj9vsjew4"",
  ""qj9vsjyzg"",
  ""qj9vsl1om"",
  ""qj9vsl8iv"",
  ""qj9vslpih"",
  ""qj9vsnd2y"",
  ""qj9vsobl5"",
  ""qj9vsoq18"",
  ""qj9vsowtr"",
  ""qj9vspweo"",
  ""qj9vsq4px"",
  ""qj9vsqu4b"",
  ""qj9vsrpxm"",
  ""qj9vssqf8"",
  ""qj9vssy3v"",
  ""qj9vst1oy"",
  ""qj9vst7kd"",
  ""qj9vsupu9"",
  ""qj9vsuvtk"",
  ""qj9vswbyt"",
  ""qj9vswo45"",
  ""qmsnpdr3s"",
  ""qmsox4ug4"",
  ""qnsohfu20"",
  ""qnsqsi5bj"",
  ""qnsriw6xi"",
  ""qo0d1c7xm"",
  ""qogcyqwww"",
  ""qogdy67bm"",
  ""qoght08v9"",
  ""qoz0n15nl"",
  ""qp0c53wwa"",
  ""qpsc5fkf3"",
  ""qpzvwg5ub"",
  ""qqjteuosz"",
  ""qqufcib4g"",
  ""qr3i2d826"",
  ""qr3ixr4m1"",
  ""qr3izq6rl"",
  ""qr3jrb1tx"",
  ""qr3jsqr2m"",
  ""qr3jwvu6z"",
  ""qr3m4onht"",
  ""qr3mgt617"",
  ""qrbe8tr0d"",
  ""qrbo7mx7s"",
  ""qrbqcx3z5"",
  ""qrbwvkk3q"",
  ""qrbyke9rz"",
  ""qrcjgxvda"",
  ""qrfsodc66"",
  ""qrnnzv8w9"",
  ""qrz9q8fhp"",
  ""qs24o7nnv"",
  ""qs26ypr7w"",
  ""qs28zs0x9"",
  ""qs5vbgky7"",
  ""qs5vd12ti"",
  ""qs5vm4p3j"",
  ""qs5vpo0l4"",
  ""qs5vvdxkg"",
  ""qs6lw02wv"",
  ""qsbho3ft7"",
  ""qse4iydgz"",
  ""qsp6b9oz2"",
  ""qsyujovwy"",
  ""qt92skrk6"",
  ""qti1siiyh"",
  ""qtvcgd2rt"",
  ""qu9kt50r3"",
  ""quebkf6iz"",
  ""quidyozap"",
  ""qv5xy8zay"",
  ""qv9v95yz2"",
  ""qv9v97d9w"",
  ""qv9v98oci"",
  ""qv9v9zalx"",
  ""qv9wac9ty"",
  ""qv9wags3q"",
  ""qvts26sdl"",
  ""qvttwzwc7"",
  ""qwlpst9vs"",
  ""qwtqckqgc"",
  ""qx6u0vd9m"",
  ""qx8yrj262"",
  ""qxcoqmk6b"",
  ""qxcou6qap"",
  ""qxcoytqa7"",
  ""qxpk9gvti"",
  ""qxqaz6jpj"",
  ""qyg8j4sya"",
  ""qyholgda3"",
  ""qzxl1s3hw""
]","1479272480","""Chrome""","Android","Android_5","""d8c4c511-7bb5-11e6-b14f-adbb491fdcb2""","{
  ""city"": ""Fresno"",
  ""country"": ""US"",
  ""country_region"": ""US-CA"",
  ""dma"": 866,
  ""region"": ""CA"",
  ""zip"": ""93726""
}"
"20","2016-11-16","318a6346-6fed-45da-a644-10cd5f1f9bf0","yes_bid","b80e81b2-d483-41ad-a3cc-f577793924db","""http://m.tmz.com/""","""/ads/4711/300x250/?asize=1x1%2C320x460%2C300x250%2C300x50%2C320x50%2C146x200%2C5x7%2C5x20%2C5x22&page=&mobile=1&iframebuster=ALL&kargo_id=a71d21a1-8e9e-11e6-b3d6-cd99e9b02a30&_cb=1479272471893""","""Mozilla/5.0 (iPhone; CPU iPhone OS 10_1_1 like Mac OS X) AppleWebKit/602.2.14 (KHTML, like Gecko) Version/10.0 Mobile/14B100 Safari/602.1""","[
  ""IAB1""
]","null","[]","320","null","null","1479272472","""Safari""","iOS","iOS_Other","""a71d21a1-8e9e-11e6-b3d6-cd99e9b02a30""","{
  ""city"": ""Clovis"",
  ""country"": ""US"",
  ""country_region"": ""US-CA"",
  ""dma"": 866,
  ""region"": ""CA"",
  ""zip"": ""93619""
}"
"21","2016-11-16","8470c142-b6e2-4157-82e5-c425849be49e","yes_bid","772fd456-b58c-47e1-915f-98d9af64cdc1","""http://tpc.googlesyndication.com/safeframe/1-0-5/html/container.html""","""/ads/4306/300x250/?asize=1x1%2C300x50%2C320x50%2C300x250%2C146x200%2C5x7%2C5x8%2C5x22&page=http%3A%2F%2Fmobile.nytimes.com%2F2016%2F11%2F16%2Fus%2Fpolitics%2Fdonald-trump-cabinet-rudy-giuliani.html%3Freferer%3Dhttps%3A%2F%2Fwww.google.com%2F&mobile=1&iframebuster=ALL&kargo_id=27624171-a221-11e6-8572-45ffcfe218ce&_cb=1479272954890""","""Mozilla/5.0 (Linux; Android 6.0.1; SAMSUNG-SM-G900A Build/MMB29M) AppleWebKit/537.36 (KHTML, like Gecko) SamsungBrowser/4.0 Chrome/44.0.2403.133 Mobile Safari/537.36""","[
  ""IAB13"",
  ""IAB12"",
  ""IAB17""
]","""mobile.nytimes.com""","[
  ""gs_news""
]","252","""http://mobile.nytimes.com/2016/11/16/us/politics/donald-trump-cabinet-rudy-giuliani.html?referer=https://www.google.com/""","null","1479272950","""Chrome""","Android","Android_6","""27624171-a221-11e6-8572-45ffcfe218ce""","{
  ""city"": """",
  ""country"": ""US"",
  ""country_region"": ""US-WA"",
  ""dma"": 0,
  ""region"": ""WA"",
  ""zip"": """"
}"
"22","2016-11-16","18b2ea4b-5b7d-46f4-bbe7-f79725e3c363","yes_bid","276251b2-2cb9-4fab-bf95-ab94b64e4dc2","""http://m.tmz.com/""","""/ads/4711/300x250/?asize=1x1%2C320x460%2C300x250%2C300x50%2C320x50%2C146x200%2C5x7%2C5x20%2C5x22&page=http%3A%2F%2Fm.tmz.com%2F%23article%2F2016%2F11%2F15%2Fprince-lawsuit-tidal-streaming-jay-z%2F&mobile=1&iframebuster=ALL&kargo_id=null&_cb=1479272485660""","""Mozilla/5.0 (Linux; Android 5.1.1; Z959 Build/LMY47V) AppleWebKit/537.36 (KHTML, like Gecko) Chrome/42.0.2311.111 Mobile Safari/537.36""","[
  ""IAB1""
]","""m.tmz.com""","[]","320","""http://m.tmz.com/#article/2016/11/15/prince-lawsuit-tidal-streaming-jay-z/""","null","1479272486","""Chrome""","Android","Android_5","""null""","{
  ""city"": ""San Jose"",
  ""country"": ""US"",
  ""country_region"": ""US-CA"",
  ""dma"": 807,
  ""region"": ""CA"",
  ""zip"": ""95131""
}"
"23","2016-11-16","391c45f8-ce42-44b4-ba2b-ae1a76109e54","yes_bid","67258eda-e5b9-4ef4-b9c2-9a4e5ea207fa","""http://www.askmen.com/entertainment/guy_gear/last-minute-christmas-gifts.html""","""/ads/4741/300x250/?asize=1x1%2C300x50%2C320x50%2C300x250%2C146x200%2C5x7%2C5x8%2C5x22&page=http%3A%2F%2Fwww.askmen.com%2Fentertainment%2Fguy_gear%2Flast-minute-christmas-gifts.html&mobile=1&iframebuster=ALL&kargo_id=9bb6ddb1-a794-11e6-bb26-fdaf613ba512&_cb=1479273087427""","""Mozilla/5.0 (Linux; Android 6.0.1; SM-G928T Build/MMB29K) AppleWebKit/537.36 (KHTML, like Gecko) Chrome/54.0.2840.85 Mobile Safari/537.36""","[
  ""IAB2"",
  ""IAB1"",
  ""IAB1-6""
]","""askmen.com""","[
  ""gs_event"",
  ""gs_shopping"",
  ""gs_shopping_holiday"",
  ""gv_safe"",
  ""gv_safe_core"",
  ""kg_amazonchannel_q4_16"",
  ""kg_bbyholidaytech"",
  ""kg_fdafreshempire"",
  ""kg_netaporter_q3_2016""
]","104","""http://www.askmen.com/entertainment/guy_gear/last-minute-christmas-gifts.html""","null","1479273088","""Chrome""","Android","Android_6","""9bb6ddb1-a794-11e6-bb26-fdaf613ba512""","{
  ""city"": ""Las Vegas"",
  ""country"": ""US"",
  ""country_region"": ""US-NV"",
  ""dma"": 839,
  ""region"": ""NV"",
  ""zip"": ""89101""
}"
"24","2016-11-16","f7060d5b-51b9-42dd-9a8f-3555f4db6229","yes_bid","9bbd9859-d1f8-4aba-bdca-f74ed0424cf1","""http://m.tmz.com/""","""/ads/4711/300x250/?asize=1x1%2C320x460%2C300x250%2C300x50%2C320x50%2C146x200%2C5x7%2C5x20%2C5x22&page=http%3A%2F%2Fwww.google.com%2F&mobile=1&iframebuster=ALL&kargo_id=17040b12-aa2d-11e6-b11b-7f481a72d75b&_cb=1479272467111""","""Mozilla/5.0 (Linux; Android 6.0; LG-H631 Build/MRA58K) AppleWebKit/537.36 (KHTML, like Gecko) Chrome/54.0.2840.85 Mobile Safari/537.36""","[
  ""IAB1""
]","""google.com""","[
  ""gx_search""
]","320","""http://www.google.com/""","null","1479272468","""Chrome""","Android","Android_6","""17040b12-aa2d-11e6-b11b-7f481a72d75b""","{
  ""city"": ""Phoenix"",
  ""country"": ""US"",
  ""country_region"": ""US-AZ"",
  ""dma"": 753,
  ""region"": ""AZ"",
  ""zip"": ""85012""
}"
"25","2016-11-16","183d31e7-430b-4b12-8450-19f84ed8c097","yes_bid","f14e68da-40ba-44c7-8a25-bcf3797e16e3","""http://www.insideedition.com/headlines/19883-hot-car-dad-found-guilty-of-murder-after-leaving-22-month-old-son-in-suv""","""/ads/3719/300x250/?asize=1x1%2C320x460%2C300x250%2C300x50%2C320x50%2C146x200%2C5x7%2C5x8%2C5x20%2C5x22&page=http%3A%2F%2Fwww.insideedition.com%2Fheadlines%2F19883-hot-car-dad-found-guilty-of-murder-after-leaving-22-month-old-son-in-suv&mobile=1&iframebuster=ALL&kargo_id=ceab5321-abba-11e6-804c-978ab289dd3c&_cb=1479272951692""","""Mozilla/5.0 (iPhone; CPU iPhone OS 10_1_1 like Mac OS X) AppleWebKit/602.1.50 (KHTML, like Gecko) CriOS/54.0.2840.91 Mobile/14B100 Safari/602.1""","[
  ""IAB1""
]","""insideedition.com""","[
  ""gs_family"",
  ""gs_law"",
  ""gv_crime"",
  ""gv_unsafe"",
  ""kg_cc_uo_2016"",
  ""kg_clearblue_Q2_2016"",
  ""kg_mcdonalds_all campaigns_Q1_Q4_2017"",
  ""kg_starcom_antitarget"",
  ""usaf_negativekeywordsegment_aug2015""
]","464","""http://www.insideedition.com/headlines/19883-hot-car-dad-found-guilty-of-murder-after-leaving-22-month-old-son-in-suv""","null","1479272951","""Safari""","iOS","iOS_Other","""ceab5321-abba-11e6-804c-978ab289dd3c""","{
  ""city"": ""El Paso"",
  ""country"": ""US"",
  ""country_region"": ""US-TX"",
  ""dma"": 765,
  ""region"": ""TX"",
  ""zip"": ""79912""
}"
"26","2016-11-16","44b8de79-4439-4cba-b82a-4eee1e60798b","yes_bid","4873f34f-f8d0-42e7-a5ca-c2d74818e7a0","""http://m.tmz.com/""","""/ads/4711/300x250/?asize=1x1%2C320x460%2C300x250%2C300x50%2C320x50%2C146x200%2C5x7%2C5x20%2C5x22&page=&mobile=1&iframebuster=ALL&kargo_id=null&_cb=1479272486351""","""Mozilla/5.0 (iPhone; CPU iPhone OS 10_0_2 like Mac OS X) AppleWebKit/602.1.50 (KHTML, like Gecko) Version/10.0 Mobile/14A456 Safari/602.1""","[
  ""IAB1""
]","null","[]","320","null","null","1479272486","""Safari""","iOS","iOS_Other","""null""","{
  ""city"": ""Fresno"",
  ""country"": ""US"",
  ""country_region"": ""US-CA"",
  ""dma"": 866,
  ""region"": ""CA"",
  ""zip"": ""93727""
}"
"27","2016-11-16","2b8c1c70-52da-4ac1-93d8-9dee9885405e","yes_bid","e008d8da-a26d-41f3-9a7d-dd49e08b9740","""http://www.hgtv.com/content/hgtv-com/en/design/hgtv-urban-oasis/sweepstakes/thanks.html""","""/ads/4423/300x250/?asize=1x1%2C320x460%2C300x250%2C300x50%2C320x50%2C146x200%2C5x7%2C5x8%2C5x20%2C5x22&page=http%3A%2F%2Fwww.hgtv.com%2Fcontent%2Fhgtv-com%2Fen%2Fdesign%2Fhgtv-urban-oasis%2Fsweepstakes%2Fthanks.html&mobile=1&iframebuster=ALL&kargo_id=d6ef3211-a212-11e6-b4b3-45330322a539&krux_segments=qj9vse9q0%2Cqj9vsjew4%2Cqj9vst7kd%2Cqrbe8tr0d%2Cqr3i2d826%2Cqs5vpo0l4%2Cqv9v98oci%2Cqr3mgt617%2Cqs5v47tiq%2Cq0gqvd1bg%2Cqrbo7mx7s%2Cqr3ixr4m1%2Cqr3jsqr2m%2Cqrcjgxvda%2Cqs5vvdxkg%2Cqv9wags3q%2Cqrnnzv8w9%2Cqqufcib4g%2Cq9d5pe1c1%2Cqr3jrb1tx%2Cqs5vm4p3j%2Cq0grqsccn%2Cqnsohfu20%2Cq130hm90d%2Cqs5vd12ti%2Cqs5vws971%2Cqr3izq6rl%2Cqs5vbgky7%2Cqsbho3ft7%2Cqj9vshdxm%2Cqs5v1lwkn%2Cqr3jwvu6z%2Cqv9v97d9w&_cb=1479272475600""","""Mozilla/5.0 (Linux; Android 6.0.1; SM-G930V Build/MMB29M) AppleWebKit/537.36 (KHTML, like Gecko) Chrome/54.0.2840.85 Mobile Safari/537.36""","[
  ""IAB2-1""
]","""hgtv.com""","[
  ""gs_home""
]","203","""http://www.hgtv.com/content/hgtv-com/en/design/hgtv-urban-oasis/sweepstakes/thanks.html""","[
  ""q0gqvd1bg"",
  ""q0grqsccn"",
  ""q130hm90d"",
  ""q9d5pe1c1"",
  ""qj9vse9q0"",
  ""qj9vshdxm"",
  ""qj9vsjew4"",
  ""qj9vst7kd"",
  ""qnsohfu20"",
  ""qqufcib4g"",
  ""qr3i2d826"",
  ""qr3ixr4m1"",
  ""qr3izq6rl"",
  ""qr3jrb1tx"",
  ""qr3jsqr2m"",
  ""qr3jwvu6z"",
  ""qr3mgt617"",
  ""qrbe8tr0d"",
  ""qrbo7mx7s"",
  ""qrcjgxvda"",
  ""qrnnzv8w9"",
  ""qs5v1lwkn"",
  ""qs5v47tiq"",
  ""qs5vbgky7"",
  ""qs5vd12ti"",
  ""qs5vm4p3j"",
  ""qs5vpo0l4"",
  ""qs5vvdxkg"",
  ""qs5vws971"",
  ""qsbho3ft7"",
  ""qv9v97d9w"",
  ""qv9v98oci"",
  ""qv9wags3q""
]","1479272476","""Chrome""","Android","Android_6","""d6ef3211-a212-11e6-b4b3-45330322a539""","{
  ""city"": ""Phoenix"",
  ""country"": ""US"",
  ""country_region"": ""US-AZ"",
  ""dma"": 753,
  ""region"": ""AZ"",
  ""zip"": ""85063""
}"
"28","2016-11-16","a718d0f4-aa36-4855-8b8e-1d0fbb8e0fc6","yes_bid","2481806c-b4a1-4d94-930a-6e7b81cd1ea4","""http://people.com/""","""/ads/4792/300x250/?asize=1x1%2C320x460%2C300x250%2C300x50%2C320x50%2C146x200%2C5x7%2C5x8%2C5x20%2C5x22&page=http%3A%2F%2Fpeople.com%2F&mobile=1&iframebuster=ALL&kargo_id=null&_cb=1479272469980""","""Mozilla/5.0 (Linux; Android 5.1; HTCD100LVW Build/LMY47O) AppleWebKit/537.36 (KHTML, like Gecko) Chrome/49.0.2623.105 Mobile Safari/537.36""","[
  ""IAB1""
]","""people.com""","[
  ""gs_entertain"",
  ""gs_entertain_celeb"",
  ""gs_event_thanksgiving"",
  ""gs_health_exercise"",
  ""gv_safe"",
  ""gv_safe_core"",
  ""kg_bertolli_alwayson_q2_q1_2017"",
  ""kg_fdafreshempire"",
  ""kg_mcdonalds_all campaigns_Q1_Q4_2017""
]","515","""http://people.com/""","null","1479272473","""Chrome""","Android","Android_5","""null""","{
  ""city"": ""Belmont"",
  ""country"": ""US"",
  ""country_region"": ""US-CA"",
  ""dma"": 807,
  ""region"": ""CA"",
  ""zip"": ""94002""
}"
"29","2016-11-16","16394de6-c1b4-4a81-a1eb-ee112e4bd4fe","yes_bid","37460cf4-f3b0-4393-8538-07ab581337ea","""http://www.hgtv.com/content/hgtv-com/en/design/hgtv-urban-oasis/sweepstakes/thanks.html""","""/ads/4423/300x250/?asize=1x1%2C320x460%2C300x250%2C300x50%2C320x50%2C146x200%2C5x7%2C5x8%2C5x20%2C5x22&page=http%3A%2F%2Fwww.hgtv.com%2Fcontent%2Fhgtv-com%2Fen%2Fdesign%2Fhgtv-urban-oasis%2Fsweepstakes%2Fthanks.html&mobile=1&iframebuster=ALL&kargo_id=298d8600-9bb7-11e6-8337-9f9760ccfa2a&_cb=1479272556577""","""Mozilla/5.0 (Linux; Android 5.0.2; HTC Desire Eye Build/LRX22G) AppleWebKit/537.36 (KHTML, like Gecko) Chrome/54.0.2840.85 Mobile Safari/537.36""","[
  ""IAB2-1""
]","""hgtv.com""","[
  ""gs_home""
]","203","""http://www.hgtv.com/content/hgtv-com/en/design/hgtv-urban-oasis/sweepstakes/thanks.html""","null","1479272482","""Chrome""","Android","Android_5","""298d8600-9bb7-11e6-8337-9f9760ccfa2a""","{
  ""city"": ""Ridgecrest"",
  ""country"": ""US"",
  ""country_region"": ""US-CA"",
  ""dma"": 803,
  ""region"": ""CA"",
  ""zip"": ""93555""
}"
"30","2016-11-16","cdb980e7-62d2-488c-8618-7e7b79b7ef51","yes_bid","2883bf67-98d3-40c7-839a-ffc4400b61c3","""http://www.food.com/recipe/copycat-olive-garden-minestrone-soup-77585?ref=amp""","""/ads/4414/300x250/?asize=1x1%2C320x460%2C300x250%2C300x50%2C320x50%2C146x200%2C5x7%2C5x8%2C5x17%2C5x20%2C5x22&page=http%3A%2F%2Fwww.food.com%2Frecipe%2Fcopycat-olive-garden-minestrone-soup-77585%3Fref%3Damp&mobile=1&iframebuster=ALL&kargo_id=null&krux_segments=qj9vsjew4%2Cqxg5d0ov3%2Cq898qbfa7%2Cqj9vspest%2Cq07voa1s7%2Cqnsriw6xi%2Cqv5xy8zay%2Cqs6lw02wv%2Cqtu72jff9%2Cq9ajb5x67%2Cqoz6btdz2%2Cqj9vsind9%2Cqs26ypr7w%2Cq898t9io2%2Cqr61ukhkx%2Cqj9vseaek%2Cqj9vsq4px%2Cqj9vsmzfj%2Cqrjmbv9gc%2Cqj9vsc5ti%2Cq3ksloau5%2Cq0w7e14ou%2Cq24b42yht%2Cqrfsodc66%2Cqozm6acsc%2Cqj9vse9q0%2Cqj9vsrtmg%2Cqj9vswo45%2Cq5bml2brv%2Cqpsc5fkf3%2Cq3rv8qz8a%2Cqse4iydgz%2Cqreztkkjt%2Cqxpk9gvti%2Cq895e23yd%2Cqj9vsl8iv%2Cq07va5g7w%2Cqx9cr9fvy%2Cq07vh4k3l%2Cqj9vsf6xi%2Cq898fvvwb%2Cqj9vsnxio%2Cqj9vssqf8%2Cqsp51x3kl%2Cq1jstdo9m%2Cqj9vsh4mq%2Cqj9vsowtr%2Cq07m302ug%2Cqtydcilrv%2Cqj9vstd0a%2Cq2sm3wre6%2Cqvtufeagy%2Cq895i9j6c%2Cqoght08v9%2Cqmsox4ug4%2Cqo8f31hvq%2Cq8975tcwx%2Cq287trtwi%2Cqmsnpdr3s%2Cqj9vssy3v%2Cqx8yrj262%2Cqoz0n15nl%2Cq24bbv6cy%2Cq897t3dhn%2Cqj9vsrpxm%2Cqj9vsfi4m%2Cqud3osr5m%2Cqj9vslpih%2Cqj9vspkks%2Cqj9vsppeo%2Cq0o8u9eku%2Cq6rwt04jb%2Cqj9vst7kd%2Cqvxo4jlj7%2Cqyx4d9i5h%2Cqj9vsuvtk%2Cqr6bnfwxs%2Cquebkf6iz%2Cqr3oxq4s2%2Cqj9vsggxv%2Cq2gxsw5c1%2Cqxegtrv5h%2Cq89nhfbkc%2Cqy4udljr1%2Cqsaipkezv%2Cq3ks4806m%2Cqxpeztwnq%2Cqxqaz6jpj%2Cqj9vsvstk%2Cq0ghv9pnq%2Cqzpubqxgy%2Cqj9vsl1om%2Cqj9vspweo%2Cqvts26sdl%2Cqj9vshdxm%2Cqz4cskuxw%2Cq898lixzw%2Cqj9vst1oy%2Cqy8sdc4jk&_cb=1479272467033""","""Mozilla/5.0 (iPhone; CPU iPhone OS 10_0_2 like Mac OS X) AppleWebKit/602.1.50 (KHTML, like Gecko) CriOS/54.0.2840.91 Mobile/14A456 Safari/602.1""","[
  ""IAB8""
]","""food.com""","[
  ""gs_event_thanksgiving"",
  ""gs_food"",
  ""gs_food_diet"",
  ""gv_safe"",
  ""gv_safe_core"",
  ""kg_bertolli_alwayson_q2_q1_2017"",
  ""kg_fdafreshempire"",
  ""kg_starcom_antitarget"",
  ""ragu_2016""
]","186","""http://www.food.com/recipe/copycat-olive-garden-minestrone-soup-77585?ref=amp""","[
  ""q07m302ug"",
  ""q07va5g7w"",
  ""q07vh4k3l"",
  ""q07voa1s7"",
  ""q0ghv9pnq"",
  ""q0o8u9eku"",
  ""q0w7e14ou"",
  ""q1jstdo9m"",
  ""q24b42yht"",
  ""q24bbv6cy"",
  ""q287trtwi"",
  ""q2gxsw5c1"",
  ""q2sm3wre6"",
  ""q3ks4806m"",
  ""q3ksloau5"",
  ""q3rv8qz8a"",
  ""q5bml2brv"",
  ""q6rwt04jb"",
  ""q895e23yd"",
  ""q895i9j6c"",
  ""q8975tcwx"",
  ""q897t3dhn"",
  ""q898fvvwb"",
  ""q898lixzw"",
  ""q898qbfa7"",
  ""q898t9io2"",
  ""q89nhfbkc"",
  ""q9ajb5x67"",
  ""qj9vsc5ti"",
  ""qj9vse9q0"",
  ""qj9vseaek"",
  ""qj9vsf6xi"",
  ""qj9vsfi4m"",
  ""qj9vsggxv"",
  ""qj9vsh4mq"",
  ""qj9vshdxm"",
  ""qj9vsind9"",
  ""qj9vsjew4"",
  ""qj9vsl1om"",
  ""qj9vsl8iv"",
  ""qj9vslpih"",
  ""qj9vsmzfj"",
  ""qj9vsnxio"",
  ""qj9vsowtr"",
  ""qj9vspest"",
  ""qj9vspkks"",
  ""qj9vsppeo"",
  ""qj9vspweo"",
  ""qj9vsq4px"",
  ""qj9vsrpxm"",
  ""qj9vsrtmg"",
  ""qj9vssqf8"",
  ""qj9vssy3v"",
  ""qj9vst1oy"",
  ""qj9vst7kd"",
  ""qj9vstd0a"",
  ""qj9vsuvtk"",
  ""qj9vsvstk"",
  ""qj9vswo45"",
  ""qmsnpdr3s"",
  ""qmsox4ug4"",
  ""qnsriw6xi"",
  ""qo8f31hvq"",
  ""qoght08v9"",
  ""qoz0n15nl"",
  ""qoz6btdz2"",
  ""qozm6acsc"",
  ""qpsc5fkf3"",
  ""qr3oxq4s2"",
  ""qr61ukhkx"",
  ""qr6bnfwxs"",
  ""qreztkkjt"",
  ""qrfsodc66"",
  ""qrjmbv9gc"",
  ""qs26ypr7w"",
  ""qs6lw02wv"",
  ""qsaipkezv"",
  ""qse4iydgz"",
  ""qsp51x3kl"",
  ""qtu72jff9"",
  ""qtydcilrv"",
  ""qud3osr5m"",
  ""quebkf6iz"",
  ""qv5xy8zay"",
  ""qvts26sdl"",
  ""qvtufeagy"",
  ""qvxo4jlj7"",
  ""qx8yrj262"",
  ""qx9cr9fvy"",
  ""qxegtrv5h"",
  ""qxg5d0ov3"",
  ""qxpeztwnq"",
  ""qxpk9gvti"",
  ""qxqaz6jpj"",
  ""qy4udljr1"",
  ""qy8sdc4jk"",
  ""qyx4d9i5h"",
  ""qz4cskuxw"",
  ""qzpubqxgy""
]","1479272467","""Safari""","iOS","iOS_Other","""null""","{
  ""city"": ""Oakland"",
  ""country"": ""US"",
  ""country_region"": ""US-CA"",
  ""dma"": 807,
  ""region"": ""CA"",
  ""zip"": ""94602""
}"
"31","2016-11-16","b80d3466-7d37-4089-89ba-e69a1e435588","yes_bid","7885d86c-70b3-4180-83d7-e3233438fcb4","""http://www.ew.com/article/2016/11/10/blacklist-red-liz-father""","""/ads/4778/300x250/?asize=1x1%2C300x50%2C320x50%2C300x250%2C146x200%2C5x7%2C5x8%2C5x22&page=http%3A%2F%2Fwww.ew.com%2Farticle%2F2016%2F11%2F10%2Fblacklist-red-liz-father&mobile=1&iframebuster=ALL&kargo_id=null&krux_segments=qn38bprmg%2Cqj9vsjew4%2Cqvtufeagy%2Cq895i9j6c%2Cq898qbfa7%2Cqoght08v9%2Cq07voa1s7%2Cq0o7pw82z%2Cqo8f31hvq%2Cq287i847n%2Cq8975tcwx%2Cqrnnzv8w9%2Cq287trtwi%2Cqj9vssy3v%2Cq287daieb%2Cqj9vsoq18%2Cq5zobl6pj%2Cqoz0n15nl%2Cqrbwvkk3q%2Cqu9qt843r%2Cqj9vsnd2y%2Cqs26ypr7w%2Cq24bbv6cy%2Cq3ksdm490%2Cq898t9io2%2Cq897t3dhn%2Cqj9vsrpxm%2Cqnsohfu20%2Cqsyujovwy%2Cq0o6uze1t%2Cqj9vsjyzg%2Cq1jqrsubq%2Cqsbho3ft7%2Cqv9v978j2%2Cq24b42yht%2Cq0o8u9eku%2Cqj9vswbyt%2Cqrfsodc66%2Cqj9vsobl5%2Cq6rwt04jb%2Cqj9vst7kd%2Cqyx4d9i5h%2Cqj9vsuvtk%2Cqj9vswo45%2Cquebkf6iz%2Cq1cux79eu%2Cq5bml2brv%2Cqj9vsqu4b%2Cqj9vsi9bx%2Cqj9vsts7h%2Cq89nhfbkc%2Cq3rv8qz8a%2Cqv9v9vzaf%2Cqse4iydgz%2Cqreztkkjt%2Cq895e23yd%2Cqj9vsok55%2Cqj9vsl8iv%2Cqrnotg0do%2Cqv9v94006%2Cq0764nd5h%2Cq07va5g7w%2Cqx9cr9fvy%2Cq07vh4k3l%2Cqxqaz6jpj%2Cqj9vsvstk%2Cq1jruzmxs%2Cqsp6b9oz2%2Cqtp7geyk2%2Cq898fvvwb%2Cqj9vssqf8%2Cqj9vsl1om%2Cqj9vspweo%2Cq1jstdo9m%2Cqj9vsh4mq%2Cqualrpged%2Cq07m302ug%2Cqz4cskuxw%2Cq2ryn8hxf%2Cq898lixzw%2Cqs28zs0x9&_cb=1479273087045""","""Mozilla/5.0 (Linux; Android 5.1; Z820 Build/LMY47D) AppleWebKit/537.36 (KHTML, like Gecko) Chrome/52.0.2743.98 Mobile Safari/537.36""","[
  ""IAB12"",
  ""IAB17"",
  ""IAB1""
]","""ew.com""","[
  ""gv_crime"",
  ""gv_sex"",
  ""gv_terrorism"",
  ""kg_cc_uo_2016"",
  ""kg_fdafreshempire"",
  ""kg_neutrogena_letssolveit_q3_2016"",
  ""kg_starbucks_anti-target_q1_q4_2016"",
  ""kg_starcom_antitarget"",
  ""kg_tmobile_dreamforce_q4_2016""
]","508","""http://www.ew.com/article/2016/11/10/blacklist-red-liz-father""","[
  ""q0764nd5h"",
  ""q07m302ug"",
  ""q07va5g7w"",
  ""q07vh4k3l"",
  ""q07voa1s7"",
  ""q0o6uze1t"",
  ""q0o7pw82z"",
  ""q0o8u9eku"",
  ""q1cux79eu"",
  ""q1jqrsubq"",
  ""q1jruzmxs"",
  ""q1jstdo9m"",
  ""q24b42yht"",
  ""q24bbv6cy"",
  ""q287daieb"",
  ""q287i847n"",
  ""q287trtwi"",
  ""q2ryn8hxf"",
  ""q3ksdm490"",
  ""q3rv8qz8a"",
  ""q5bml2brv"",
  ""q5zobl6pj"",
  ""q6rwt04jb"",
  ""q895e23yd"",
  ""q895i9j6c"",
  ""q8975tcwx"",
  ""q897t3dhn"",
  ""q898fvvwb"",
  ""q898lixzw"",
  ""q898qbfa7"",
  ""q898t9io2"",
  ""q89nhfbkc"",
  ""qj9vsh4mq"",
  ""qj9vsi9bx"",
  ""qj9vsjew4"",
  ""qj9vsjyzg"",
  ""qj9vsl1om"",
  ""qj9vsl8iv"",
  ""qj9vsnd2y"",
  ""qj9vsobl5"",
  ""qj9vsok55"",
  ""qj9vsoq18"",
  ""qj9vspweo"",
  ""qj9vsqu4b"",
  ""qj9vsrpxm"",
  ""qj9vssqf8"",
  ""qj9vssy3v"",
  ""qj9vst7kd"",
  ""qj9vsts7h"",
  ""qj9vsuvtk"",
  ""qj9vsvstk"",
  ""qj9vswbyt"",
  ""qj9vswo45"",
  ""qn38bprmg"",
  ""qnsohfu20"",
  ""qo8f31hvq"",
  ""qoght08v9"",
  ""qoz0n15nl"",
  ""qrbwvkk3q"",
  ""qreztkkjt"",
  ""qrfsodc66"",
  ""qrnnzv8w9"",
  ""qrnotg0do"",
  ""qs26ypr7w"",
  ""qs28zs0x9"",
  ""qsbho3ft7"",
  ""qse4iydgz"",
  ""qsp6b9oz2"",
  ""qsyujovwy"",
  ""qtp7geyk2"",
  ""qu9qt843r"",
  ""qualrpged"",
  ""quebkf6iz"",
  ""qv9v94006"",
  ""qv9v978j2"",
  ""qv9v9vzaf"",
  ""qvtufeagy"",
  ""qx9cr9fvy"",
  ""qxqaz6jpj"",
  ""qyx4d9i5h"",
  ""qz4cskuxw""
]","1479273088","""Chrome""","Android","Android_5","""null""","{
  ""city"": ""Davenport"",
  ""country"": ""US"",
  ""country_region"": ""US-FL"",
  ""dma"": 539,
  ""region"": ""FL"",
  ""zip"": ""33836""
}"
"32","2016-11-16","9b64f5ac-49ab-43ab-bed2-4c6b8d7c40e7","yes_bid","531c33ca-55aa-4308-9e7f-fbff26463dc8","""http://www.food.com/ideas/southern-desserts-6131?c=10908""","""/ads/4414/300x250/?asize=1x1%2C320x460%2C300x250%2C300x50%2C320x50%2C146x200%2C5x7%2C5x8%2C5x17%2C5x20%2C5x22&page=http%3A%2F%2Fwww.food.com%2Fideas%2Fsouthern-desserts-6131%3Fc%3D10908&mobile=1&iframebuster=ALL&kargo_id=null&krux_segments=q7uu3vb1p%2Cqj9vsjew4%2Cq898qbfa7%2Cq07voa1s7%2Cqvdczo6bi%2Cqr3mgt617%2Cqj9vsf06v%2Cqryunore3%2Cqreu069cc%2Cqwx2ikrwv%2Cqv5xy8zay%2Cqrewb77aw%2Cqv5l85ukm%2Cqs6lw02wv%2Cqsbhs7s9m%2Cqtu72jff9%2Cqzb6gyshs%2Cq9ajb5x67%2Cqj9vsupu9%2Cqoz6btdz2%2Cq14ieew0m%2Cq898t9io2%2Cqs5uy41d5%2Cqwxaiyaef%2Cq14i66dav%2Cqj9vsmzfj%2Cqj9vsc5ti%2Cq14jbgplg%2Cq0w7e14ou%2Cq24b42yht%2Cqj9vswbyt%2Cqj9vsobl5%2Cqozm6acsc%2Cqrbyke9rz%2Cqj9vswo45%2Cqqudpznbc%2Cq4nifotml%2Cq5bml2brv%2Cq5bmoobq0%2Cqj9vsi9bx%2Cqxp9x84i2%2Cq3rv8qz8a%2Cqse4iydgz%2Cqreztkkjt%2Cqxpk9gvti%2Cq895e23yd%2Cqj9vsl8iv%2Cqsbh38qx5%2Cqrnotg0do%2Cqxpxirp4v%2Cq07va5g7w%2Cqx9cr9fvy%2Cq07vh4k3l%2Cq0gq77vnj%2Cqtrezgd8a%2Cqsp6b9oz2%2Cq898fvvwb%2Cqrewhybem%2Cqj9vssqf8%2Cqs5vbgky7%2Cq1jstdo9m%2Cqj9vsh4mq%2Cquidyozap%2Cq07m302ug%2Cqs5v1lwkn%2Cqzxmpb956%2Cq2sm3wre6%2Cqvtufeagy%2Cq895i9j6c%2Cqoght08v9%2Cqmsox4ug4%2Cq8975tcwx%2Cqsatyyh1x%2Cq287trtwi%2Cqyholgda3%2Cqvhnlb9ya%2Cqj9vssy3v%2Cq287daieb%2Cqj9vsoq18%2Cqoz0n15nl%2Cqrbwvkk3q%2Cqj9vsnd2y%2Cq3ksdm490%2Cq897t3dhn%2Cqj9vsrpxm%2Cqnsohfu20%2Cqsyujovwy%2Cqj9vsfi4m%2Cqr3m4onht%2Cqud3osr5m%2Cqj9vslpih%2Cqj9vspkks%2Cqrad1ehcw%2Cqv9v978j2%2Cqj9vshyy3%2Cqj9vsppeo%2Cqtvcgd2rt%2Cq6rwt04jb%2Cqj9vst7kd%2Cqrb79jupp%2Cqyx4d9i5h%2Cqr6bnfwxs%2Cqs5vpo0l4%2Cqogdy67bm%2Cqj9vsggxv%2Cqo0d1c7xm%2Cqs5v47tiq%2Cqs5vvdxkg%2Cqj9vsqu4b%2Cqj9vsts7h%2Cq89nhfbkc%2Cqx6u0vd9m%2Cqy4udljr1%2Cqj9vsm87y%2Cqrewk5f6i%2Cqs5vm4p3j%2Cqxqaz6jpj%2Cq130hm90d%2Cqj9vsvstk%2Cqs5vd12ti%2Cq0grtq35g%2Cqs5vws971%2Cqj9vsl1om%2Cqj9vspweo%2Cqj9vsg82r%2Cqz4cskuxw%2Cq898lixzw%2Cqj9vst1oy%2Cqs28zs0x9&_cb=1479272472128""","""Mozilla/5.0 (Linux; Android 6.0.1; SM-N910V Build/MMB29M) AppleWebKit/537.36 (KHTML, like Gecko) Chrome/54.0.2840.85 Mobile Safari/537.36""","[
  ""IAB8""
]","""food.com""","[
  ""gs_event_thanksgiving"",
  ""gs_food"",
  ""gs_food_dessert"",
  ""gv_safe"",
  ""gv_safe_core"",
  ""kg_bertolli_alwayson_q2_q1_2017"",
  ""kg_fdafreshempire"",
  ""kg_ihop_q4_2016"",
  ""ragu_2016""
]","186","""http://www.food.com/ideas/southern-desserts-6131?c=10908""","[
  ""q07m302ug"",
  ""q07va5g7w"",
  ""q07vh4k3l"",
  ""q07voa1s7"",
  ""q0gq77vnj"",
  ""q0grtq35g"",
  ""q0w7e14ou"",
  ""q130hm90d"",
  ""q14i66dav"",
  ""q14ieew0m"",
  ""q14jbgplg"",
  ""q1jstdo9m"",
  ""q24b42yht"",
  ""q287daieb"",
  ""q287trtwi"",
  ""q2sm3wre6"",
  ""q3ksdm490"",
  ""q3rv8qz8a"",
  ""q4nifotml"",
  ""q5bml2brv"",
  ""q5bmoobq0"",
  ""q6rwt04jb"",
  ""q7uu3vb1p"",
  ""q895e23yd"",
  ""q895i9j6c"",
  ""q8975tcwx"",
  ""q897t3dhn"",
  ""q898fvvwb"",
  ""q898lixzw"",
  ""q898qbfa7"",
  ""q898t9io2"",
  ""q89nhfbkc"",
  ""q9ajb5x67"",
  ""qj9vsc5ti"",
  ""qj9vsf06v"",
  ""qj9vsfi4m"",
  ""qj9vsg82r"",
  ""qj9vsggxv"",
  ""qj9vsh4mq"",
  ""qj9vshyy3"",
  ""qj9vsi9bx"",
  ""qj9vsjew4"",
  ""qj9vsl1om"",
  ""qj9vsl8iv"",
  ""qj9vslpih"",
  ""qj9vsm87y"",
  ""qj9vsmzfj"",
  ""qj9vsnd2y"",
  ""qj9vsobl5"",
  ""qj9vsoq18"",
  ""qj9vspkks"",
  ""qj9vsppeo"",
  ""qj9vspweo"",
  ""qj9vsqu4b"",
  ""qj9vsrpxm"",
  ""qj9vssqf8"",
  ""qj9vssy3v"",
  ""qj9vst1oy"",
  ""qj9vst7kd"",
  ""qj9vsts7h"",
  ""qj9vsupu9"",
  ""qj9vsvstk"",
  ""qj9vswbyt"",
  ""qj9vswo45"",
  ""qmsox4ug4"",
  ""qnsohfu20"",
  ""qo0d1c7xm"",
  ""qogdy67bm"",
  ""qoght08v9"",
  ""qoz0n15nl"",
  ""qoz6btdz2"",
  ""qozm6acsc"",
  ""qqudpznbc"",
  ""qr3m4onht"",
  ""qr3mgt617"",
  ""qr6bnfwxs"",
  ""qrad1ehcw"",
  ""qrb79jupp"",
  ""qrbwvkk3q"",
  ""qrbyke9rz"",
  ""qreu069cc"",
  ""qrewb77aw"",
  ""qrewhybem"",
  ""qrewk5f6i"",
  ""qreztkkjt"",
  ""qrnotg0do"",
  ""qryunore3"",
  ""qs28zs0x9"",
  ""qs5uy41d5"",
  ""qs5v1lwkn"",
  ""qs5v47tiq"",
  ""qs5vbgky7"",
  ""qs5vd12ti"",
  ""qs5vm4p3j"",
  ""qs5vpo0l4"",
  ""qs5vvdxkg"",
  ""qs5vws971"",
  ""qs6lw02wv"",
  ""qsatyyh1x"",
  ""qsbh38qx5"",
  ""qsbhs7s9m"",
  ""qse4iydgz"",
  ""qsp6b9oz2"",
  ""qsyujovwy"",
  ""qtrezgd8a"",
  ""qtu72jff9"",
  ""qtvcgd2rt"",
  ""qud3osr5m"",
  ""quidyozap"",
  ""qv5l85ukm"",
  ""qv5xy8zay"",
  ""qv9v978j2"",
  ""qvdczo6bi"",
  ""qvhnlb9ya"",
  ""qvtufeagy"",
  ""qwx2ikrwv"",
  ""qwxaiyaef"",
  ""qx6u0vd9m"",
  ""qx9cr9fvy"",
  ""qxp9x84i2"",
  ""qxpk9gvti"",
  ""qxpxirp4v"",
  ""qxqaz6jpj"",
  ""qy4udljr1"",
  ""qyholgda3"",
  ""qyx4d9i5h"",
  ""qz4cskuxw"",
  ""qzb6gyshs"",
  ""qzxmpb956""
]","1479272473","""Chrome""","Android","Android_6","""null""","{
  ""city"": ""Albuquerque"",
  ""country"": ""US"",
  ""country_region"": ""US-NM"",
  ""dma"": 790,
  ""region"": ""NM"",
  ""zip"": ""87114""
}"
"33","2016-11-16","97a49ad9-2033-44dd-957a-c47428089d2c","yes_bid","2b335025-eb0a-447d-b933-0aa2d5cdd9d0","""http://www.askmen.com/sex/sex_tips/sex-holidays-rated-for-accessibility.html""","""/ads/4741/300x250/?asize=1x1%2C300x50%2C320x50%2C300x250%2C146x200%2C5x7%2C5x8%2C5x22&page=http%3A%2F%2Fwww.askmen.com%2Fsex%2Fsex_tips%2Fsex-holidays-rated-for-accessibility.html&mobile=1&iframebuster=ALL&kargo_id=88389d90-abb9-11e6-804c-978ab289dd3c&krux_segments=qj9vsjew4%2Cqxg5d0ov3%2Cqj9vspest%2Cq07voa1s7%2Cqualofufw%2Cqnsriw6xi%2Cq287i847n%2Cqrnnzv8w9%2Cqwx2ikrwv%2Cqxc0tdier%2Cqv59q3wto%2Cqxc0cd48a%2Cqtu72jff9%2Cqzb6gyshs%2Cqj9vsupu9%2Cqvtk2ybo2%2Cqr61ukhkx%2Cqj9vseaek%2Cq0pevd1yj%2Cqwp0i5li9%2Cq1jqrsubq%2Cqrjmbv9gc%2Cq24b42yht%2Cqj9vswbyt%2Cqrfsodc66%2Cqxpx5ieee%2Cqztfsui25%2Cqj9vsobl5%2Cqj9vse9q0%2Cqrbyke9rz%2Cq0grv6tbq%2Cqj9vswo45%2Cqse4lr1qv%2Cq28ot9z1y%2Cqyxpv0f07%2Cquew7oqck%2Cqj9vsi9bx%2Cqpsc5fkf3%2Cq3rv8qz8a%2Cqsev7jmog%2Cqse4iydgz%2Cqreztkkjt%2Cquak64i8z%2Cqxpk9gvti%2Cqj9vsok55%2Cqj9vsl8iv%2Cqwlpst9vs%2Cqrnotg0do%2Cqpn5q2f4y%2Cqtrh8d6yd%2Cqx9b4c0vs%2Cq07va5g7w%2Cq0k6sf268%2Cqx9cr9fvy%2Cqtrezgd8a%2Cqz4dt0rwc%2Cqrjore5ce%2Cqsp6b9oz2%2Cqsp51x3kl%2Cq1jstdo9m%2Cqj9vsh4mq%2Cqualrpged%2Cq0o7iafr4%2Cquidyozap%2Cqyxobc0kl%2Cq07m302ug%2Cqzxl1s3hw%2Cqn38bprmg%2Cqvtufeagy%2Cqoght08v9%2Cq287trtwi%2Cqj9vssy3v%2Cqx8yrj262%2Cq287daieb%2Cqxp9dgxgs%2Cqoz0n15nl%2Cqrbwvkk3q%2Cqu9qt843r%2Cqj9vsnd2y%2Cq24bbv6cy%2Cq3ksdm490%2Cqj9vsrpxm%2Cqj9vsfi4m%2Cqxp9roqgr%2Cqj9vspkks%2Cqrfczaa80%2Cqtvcgd2rt%2Cqti06xn1v%2Cqj9vst7kd%2Cqrb79jupp%2Cqyx4d9i5h%2Cq1fzp5n77%2Cqj9vsuvtk%2Cqr6bnfwxs%2Cquebkf6iz%2Cq1cux79eu%2Cqr3oxq4s2%2Cqj9vsggxv%2Cqwtqckqgc%2Cq2gxsw5c1%2Cqxegtrv5h%2Cqj9vsqu4b%2Cq1c6qm2kf%2Cqoggy3ynt%2Cqy4udljr1%2Cqv51g4sfq%2Cqsaipkezv%2Cq13r0z4ot%2Cq0764nd5h%2Cqxpeztwnq%2Cqj9vsvstk%2Cq1jruzmxs%2Cq0ghv9pnq%2Cqj9vsl1om%2Cqj9vspweo%2Cqj9vshdxm%2Cqz4cskuxw%2Cq2ryn8hxf%2Cqj9vst1oy%2Cqs28zs0x9&_cb=1479272483190""","""Mozilla/5.0 (Linux; Android 6.0.1; SAMSUNG-SM-N910A Build/MMB29M) AppleWebKit/537.36 (KHTML, like Gecko) SamsungBrowser/4.0 Chrome/44.0.2403.133 Mobile Safari/537.36""","[
  ""IAB2"",
  ""IAB1"",
  ""IAB1-6""
]","""askmen.com""","[
  ""gs_travel_cruise"",
  ""gv_sex"",
  ""gv_unsafe"",
  ""kg_cc_uo_2016"",
  ""kg_clearblue_Q2_2016"",
  ""kg_fdafreshempire"",
  ""kg_mcdonalds_all campaigns_Q1_Q4_2017"",
  ""kg_starcom_antitarget"",
  ""usaf_negativekeywordsegment_aug2015""
]","104","""http://www.askmen.com/sex/sex_tips/sex-holidays-rated-for-accessibility.html""","[
  ""q0764nd5h"",
  ""q07m302ug"",
  ""q07va5g7w"",
  ""q07voa1s7"",
  ""q0ghv9pnq"",
  ""q0grv6tbq"",
  ""q0k6sf268"",
  ""q0o7iafr4"",
  ""q0pevd1yj"",
  ""q13r0z4ot"",
  ""q1c6qm2kf"",
  ""q1cux79eu"",
  ""q1fzp5n77"",
  ""q1jqrsubq"",
  ""q1jruzmxs"",
  ""q1jstdo9m"",
  ""q24b42yht"",
  ""q24bbv6cy"",
  ""q287daieb"",
  ""q287i847n"",
  ""q287trtwi"",
  ""q28ot9z1y"",
  ""q2gxsw5c1"",
  ""q2ryn8hxf"",
  ""q3ksdm490"",
  ""q3rv8qz8a"",
  ""qj9vse9q0"",
  ""qj9vseaek"",
  ""qj9vsfi4m"",
  ""qj9vsggxv"",
  ""qj9vsh4mq"",
  ""qj9vshdxm"",
  ""qj9vsi9bx"",
  ""qj9vsjew4"",
  ""qj9vsl1om"",
  ""qj9vsl8iv"",
  ""qj9vsnd2y"",
  ""qj9vsobl5"",
  ""qj9vsok55"",
  ""qj9vspest"",
  ""qj9vspkks"",
  ""qj9vspweo"",
  ""qj9vsqu4b"",
  ""qj9vsrpxm"",
  ""qj9vssy3v"",
  ""qj9vst1oy"",
  ""qj9vst7kd"",
  ""qj9vsupu9"",
  ""qj9vsuvtk"",
  ""qj9vsvstk"",
  ""qj9vswbyt"",
  ""qj9vswo45"",
  ""qn38bprmg"",
  ""qnsriw6xi"",
  ""qoggy3ynt"",
  ""qoght08v9"",
  ""qoz0n15nl"",
  ""qpn5q2f4y"",
  ""qpsc5fkf3"",
  ""qr3oxq4s2"",
  ""qr61ukhkx"",
  ""qr6bnfwxs"",
  ""qrb79jupp"",
  ""qrbwvkk3q"",
  ""qrbyke9rz"",
  ""qreztkkjt"",
  ""qrfczaa80"",
  ""qrfsodc66"",
  ""qrjmbv9gc"",
  ""qrjore5ce"",
  ""qrnnzv8w9"",
  ""qrnotg0do"",
  ""qs28zs0x9"",
  ""qsaipkezv"",
  ""qse4iydgz"",
  ""qse4lr1qv"",
  ""qsev7jmog"",
  ""qsp51x3kl"",
  ""qsp6b9oz2"",
  ""qti06xn1v"",
  ""qtrezgd8a"",
  ""qtrh8d6yd"",
  ""qtu72jff9"",
  ""qtvcgd2rt"",
  ""qu9qt843r"",
  ""quak64i8z"",
  ""qualofufw"",
  ""qualrpged"",
  ""quebkf6iz"",
  ""quew7oqck"",
  ""quidyozap"",
  ""qv51g4sfq"",
  ""qv59q3wto"",
  ""qvtk2ybo2"",
  ""qvtufeagy"",
  ""qwlpst9vs"",
  ""qwp0i5li9"",
  ""qwtqckqgc"",
  ""qwx2ikrwv"",
  ""qx8yrj262"",
  ""qx9b4c0vs"",
  ""qx9cr9fvy"",
  ""qxc0cd48a"",
  ""qxc0tdier"",
  ""qxegtrv5h"",
  ""qxg5d0ov3"",
  ""qxp9dgxgs"",
  ""qxp9roqgr"",
  ""qxpeztwnq"",
  ""qxpk9gvti"",
  ""qxpx5ieee"",
  ""qy4udljr1"",
  ""qyx4d9i5h"",
  ""qyxobc0kl"",
  ""qyxpv0f07"",
  ""qz4cskuxw"",
  ""qz4dt0rwc"",
  ""qzb6gyshs"",
  ""qztfsui25"",
  ""qzxl1s3hw""
]","1479272484","""Chrome""","Android","Android_6","""88389d90-abb9-11e6-804c-978ab289dd3c""","{
  ""city"": """",
  ""country"": ""US"",
  ""country_region"": ""US-CA"",
  ""dma"": 0,
  ""region"": ""CA"",
  ""zip"": """"
}"
"34","2016-11-16","15de1e6f-893b-4560-86b6-ed092e9c9f0a","yes_bid","e843ee68-2cbe-4b10-880d-cdd2131c5b58","""http://m.tmz.com/""","""/ads/4711/300x250/?asize=1x1%2C320x460%2C300x250%2C300x50%2C320x50%2C146x200%2C5x7%2C5x20%2C5x22&page=&mobile=1&iframebuster=ALL&kargo_id=aab9d901-9a26-11e6-804c-978ab289dd3c&_cb=1479272473601""","""Mozilla/5.0 (Linux; Android 6.0; LGMS631 Build/MRA58K) AppleWebKit/537.36 (KHTML, like Gecko) Chrome/50.0.2661.89 Mobile Safari/537.36""","[
  ""IAB1""
]","null","[]","320","null","null","1479272470","""Chrome""","Android","Android_6","""aab9d901-9a26-11e6-804c-978ab289dd3c""","{
  ""city"": ""San Diego"",
  ""country"": ""US"",
  ""country_region"": ""US-CA"",
  ""dma"": 825,
  ""region"": ""CA"",
  ""zip"": ""92115""
}"
"35","2016-11-16","eba3b44a-66c9-4ed8-98d6-f4d6c7f018e1","yes_bid","839c151c-f31a-4bbf-9389-41651cc68c79","""http://www.firstforwomen.com/posts/see-57-photos-of-kate-middleton-from-before-she-married-prince-william-97373/photos/kate-middleton-aug-2005-144587?utm_source=Outbrain&utm_medium=ACQ_content&utm_term=40688&utm_campaign=ffwmkatebefore""","""/ads/3556/300x250/?asize=1x1%2C320x460%2C300x250%2C300x50%2C320x50%2C146x200%2C5x7%2C5x8%2C5x17%2C5x20%2C5x22&page=http%3A%2F%2Fwww.firstforwomen.com%2Fposts%2Fsee-57-photos-of-kate-middleton-from-before-she-married-prince-william-97373%2Fphotos%2Fkate-middleton-aug-2005-144587%3Futm_source%3DOutbrain%26utm_medium%3DACQ_content%26utm_term%3D40688%26utm_campaign%3Dffwmkatebefore&mobile=1&iframebuster=ALL&kargo_id=67bfab21-abba-11e6-804c-978ab289dd3c&_cb=1479272953223""","""Mozilla/5.0 (iPhone; CPU iPhone OS 10_1_1 like Mac OS X) AppleWebKit/602.2.14 (KHTML, like Gecko) Mobile/14B100 Instagram 9.7.0 (iPhone7,1; iOS 10_1_1; en_US; en-US; scale=2.88; 1080x1920)""","[
  ""IAB8"",
  ""IAB6"",
  ""IAB10"",
  ""IAB18""
]","""firstforwomen.com""","[
  ""gs_business_marketing"",
  ""gs_entertain"",
  ""gs_entertain_celeb"",
  ""gs_family"",
  ""gs_family_marriage"",
  ""gv_safe"",
  ""gv_safe_core"",
  ""kg_fdafreshempire"",
  ""usaf_negativekeywordsegment_aug2015""
]","484","""http://www.firstforwomen.com/posts/see-57-photos-of-kate-middleton-from-before-she-married-prince-william-97373/photos/kate-middleton-aug-2005-144587?utm_source=Outbrain&utm_medium=ACQ_content&utm_term=40688&utm_campaign=ffwmkatebefore""","null","1479272953","""iOS_App""","iOS","iOS_Other","""67bfab21-abba-11e6-804c-978ab289dd3c""","{
  ""city"": ""San Diego"",
  ""country"": ""US"",
  ""country_region"": ""US-CA"",
  ""dma"": 825,
  ""region"": ""CA"",
  ""zip"": ""92154""
}"
"36","2016-11-16","9c994bca-cc1b-47c0-9553-739a1519c46c","yes_bid","09e6a460-ea22-4bce-8a88-f6ee72d3a7c9","""http://m.tmz.com/""","""/ads/4711/300x250/?asize=1x1%2C320x460%2C300x250%2C300x50%2C320x50%2C146x200%2C5x7%2C5x20%2C5x22&page=http%3A%2F%2Fm.tmz.com%2F%23news%2F&mobile=1&iframebuster=ALL&kargo_id=null&_cb=1479272463748""","""Mozilla/5.0 (Linux; Android 4.4.4; Z755 Build/KTU84P) AppleWebKit/537.36 (KHTML, like Gecko) Chrome/54.0.2840.68 Mobile Safari/537.36""","[
  ""IAB1""
]","""m.tmz.com""","[]","320","""http://m.tmz.com/#news/""","null","1479272467","""Chrome""","Android","Android_4.x","""null""","{
  ""city"": ""San Jose"",
  ""country"": ""US"",
  ""country_region"": ""US-CA"",
  ""dma"": 807,
  ""region"": ""CA"",
  ""zip"": ""95131""
}"
"37","2016-11-16","c938c5d8-294f-4c7f-9977-94a9bebc4d16","yes_bid","821fe70e-e5b5-4342-b1ba-69fdb6b77626","""http://m.tmz.com/""","""/ads/4711/300x250/?asize=1x1%2C320x460%2C300x250%2C300x50%2C320x50%2C146x200%2C5x7%2C5x20%2C5x22&page=http%3A%2F%2Fm.tmz.com%2F%23news%2F&mobile=1&iframebuster=ALL&kargo_id=ff4653d1-aa30-11e6-bab2-a54563a7b84e&krux_segments=qrbooeerb%2Cqj9vsjew4%2Cqj9vspest%2Cq7miqd3li%2Cqrbejmhsf%2Cqrye1hz7f%2Cqr3jsqr2m%2Cqwx2ikrwv%2Cqs6lw02wv%2Cqxc0cd48a%2Cq9ajb5x67%2Cqs26ypr7w%2Cqv9wag4ho%2Cq0pevd1yj%2Cqj9vsq4px%2Cqr3izq6rl%2Cqvg4dupzm%2Cqj9vsmzfj%2Cqrjmbv9gc%2Cqsbho3ft7%2Cq24b42yht%2Cqj9vswbyt%2Cqrfsodc66%2Cqj9vse9q0%2Cqj9vsrtmg%2Cqrbyke9rz%2Cq0grv6tbq%2Cqj9vswo45%2Cq28ot9z1y%2Cqyxpv0f07%2Cqj9vsi9bx%2Cqpsc5fkf3%2Cq3rv8qz8a%2Cqse4iydgz%2Cqreztkkjt%2Cquak64i8z%2Cqxpk9gvti%2Cqj9vsok55%2Cqv9v957gh%2Cqj9vsl8iv%2Cqwlpst9vs%2Cqrnotg0do%2Cq07va5g7w%2Cq07vh4k3l%2Cqj9vsf6xi%2Cqtrezgd8a%2Cqtp7geyk2%2Cqj9vssqf8%2Cqsp51x3kl%2Cq1jstdo9m%2Cqj9vsh4mq%2Cqualrpged%2Cquidyozap%2Cq07m302ug%2Cqr3jwvu6z%2Cqualgwaez%2Cqzxl1s3hw%2Cqryyvbpym%2Cqj9vstd0a%2Cq2sm3wre6%2Cqrbe14wjd%2Cqv9v984dy%2Cq8975tcwx%2Cq287trtwi%2Cqqjteuosz%2Cqr3nz153w%2Cqyholgda3%2Cq89k7vh6y%2Cqxp9dgxgs%2Cqrbwvkk3q%2Cqu9qt843r%2Cqj9vsnd2y%2Cq24bbv6cy%2Cq3ksdm490%2Cqryy8but9%2Cq897t3dhn%2Cqsyujovwy%2Cqj9vsfi4m%2Cqr3m4onht%2Cqj9vsjyzg%2Cqj9vsppeo%2Cq0o8u9eku%2Cqrfczaa80%2Cqtvcgd2rt%2Cqj9vst7kd%2Cqrai8454y%2Cqr3i2d826%2Cqj9vsuvtk%2Cqogdy67bm%2Cqr3ls4pkt%2Cqwtqckqgc%2Cqs5v47tiq%2Cq89lv03p4%2Cqy4udljr1%2Cqrfd18yoj%2Cqs5vm4p3j%2Cqxqaz6jpj%2Cqs24o7nnv%2Cqs5vd12ti%2Cq0ghv9pnq%2Cqzpubqxgy%2Cqj9vspweo%2Cqj9vshdxm%2Cqrbecq0j1%2Cqz4cskuxw%2Cqj9vst1oy%2Cq898qbfa7%2Cq07voa1s7%2Cqr3mgt617%2Cqr3ixr4m1%2Cqualofufw%2Cq0kswyufr%2Cqrnnzv8w9%2Cqv9wagwu3%2Cqproh8pwx%2Cqv5xy8zay%2Cqtu72jff9%2Cqj9vsupu9%2Cq898t9io2%2Cqr61ukhkx%2Cqrbrz26my%2Cqj9vsc5ti%2Cq0w7e14ou%2Cqsp449vju%2Cqvg4negkr%2Cqrboswxlq%2Cqztfsui25%2Cqj9vsobl5%2Cqse4lr1qv%2Cqzwgoponl%2Cq5bml2brv%2Cquew7oqck%2Cqry3ib38l%2Cq895e23yd%2Cq9d5pe1c1%2Cqo0gjde4i%2Cqsbh38qx5%2Cq0s8xcug2%2Cqr3jrb1tx%2Cqx9b4c0vs%2Cqx9cr9fvy%2Cqz4dt0rwc%2Cqrjore5ce%2Cqrfdzj3na%2Cqsp6b9oz2%2Cq898fvvwb%2Cqj9vsnxio%2Cqrfdm0kki%2Cqs5vbgky7%2Cqj9vsowtr%2Cqyxobc0kl%2Cqs5v1lwkn%2Cqualdryip%2Cqn38bprmg%2Cqvtufeagy%2Cq895i9j6c%2Cqoght08v9%2Cq0o7pw82z%2Cqmsox4ug4%2Cqo8f31hvq%2Cqua0i09rf%2Cqv9v9520j%2Cqxp92umlt%2Cq8mu339cv%2Cqmsnpdr3s%2Cqj9vssy3v%2Cqx8yrj262%2Cqj9vsoq18%2Cqoz0n15nl%2Cqj9vsrpxm%2Cqnsohfu20%2Cq0o6uze1t%2Cqrbpgha9t%2Cqud3osr5m%2Cq0hcj47hy%2Cqj9vslpih%2Cqrad1ehcw%2Cqj9vshyy3%2Cq6rwt04jb%2Cqrb79jupp%2Cqyx4d9i5h%2Cq1fzp5n77%2Cqs2785guf%2Cqs5vpo0l4%2Cquebkf6iz%2Cq1cux79eu%2Cqr3oxq4s2%2Cqj9vsggxv%2Cqo0d1c7xm%2Cq4gaaxltu%2Cqxegtrv5h%2Cqs5vvdxkg%2Cqj9vsqu4b%2Cqj9vsts7h%2Cq89nhfbkc%2Cqoggy3ynt%2Cqx6u0vd9m%2Cqqufcib4g%2Cqj9vsm87y%2Cqsaipkezv%2Cq0764nd5h%2Cqxpeztwnq%2Cqvttwzwc7%2Cqj9vsvstk%2Cqs5vws971%2Cqv5mwi9l6%2Cqrbcymt3q%2Cqj9vsl1om%2Cqvts26sdl%2Cq2ryn8hxf%2Cq898lixzw%2Cqs28zs0x9&_cb=1479272484032""","""Mozilla/5.0 (Linux; Android 6.0.1; SAMSUNG SM-G925T Build/MMB29K) AppleWebKit/537.36 (KHTML, like Gecko) SamsungBrowser/4.0 Chrome/44.0.2403.133 Mobile Safari/537.36""","[
  ""IAB1""
]","""m.tmz.com""","[]","320","""http://m.tmz.com/#news/""","[
  ""q0764nd5h"",
  ""q07m302ug"",
  ""q07va5g7w"",
  ""q07vh4k3l"",
  ""q07voa1s7"",
  ""q0ghv9pnq"",
  ""q0grv6tbq"",
  ""q0hcj47hy"",
  ""q0kswyufr"",
  ""q0o6uze1t"",
  ""q0o7pw82z"",
  ""q0o8u9eku"",
  ""q0pevd1yj"",
  ""q0s8xcug2"",
  ""q0w7e14ou"",
  ""q1cux79eu"",
  ""q1fzp5n77"",
  ""q1jstdo9m"",
  ""q24b42yht"",
  ""q24bbv6cy"",
  ""q287trtwi"",
  ""q28ot9z1y"",
  ""q2ryn8hxf"",
  ""q2sm3wre6"",
  ""q3ksdm490"",
  ""q3rv8qz8a"",
  ""q4gaaxltu"",
  ""q5bml2brv"",
  ""q6rwt04jb"",
  ""q7miqd3li"",
  ""q895e23yd"",
  ""q895i9j6c"",
  ""q8975tcwx"",
  ""q897t3dhn"",
  ""q898fvvwb"",
  ""q898lixzw"",
  ""q898qbfa7"",
  ""q898t9io2"",
  ""q89k7vh6y"",
  ""q89lv03p4"",
  ""q89nhfbkc"",
  ""q8mu339cv"",
  ""q9ajb5x67"",
  ""q9d5pe1c1"",
  ""qj9vsc5ti"",
  ""qj9vse9q0"",
  ""qj9vsf6xi"",
  ""qj9vsfi4m"",
  ""qj9vsggxv"",
  ""qj9vsh4mq"",
  ""qj9vshdxm"",
  ""qj9vshyy3"",
  ""qj9vsi9bx"",
  ""qj9vsjew4"",
  ""qj9vsjyzg"",
  ""qj9vsl1om"",
  ""qj9vsl8iv"",
  ""qj9vslpih"",
  ""qj9vsm87y"",
  ""qj9vsmzfj"",
  ""qj9vsnd2y"",
  ""qj9vsnxio"",
  ""qj9vsobl5"",
  ""qj9vsok55"",
  ""qj9vsoq18"",
  ""qj9vsowtr"",
  ""qj9vspest"",
  ""qj9vsppeo"",
  ""qj9vspweo"",
  ""qj9vsq4px"",
  ""qj9vsqu4b"",
  ""qj9vsrpxm"",
  ""qj9vsrtmg"",
  ""qj9vssqf8"",
  ""qj9vssy3v"",
  ""qj9vst1oy"",
  ""qj9vst7kd"",
  ""qj9vstd0a"",
  ""qj9vsts7h"",
  ""qj9vsupu9"",
  ""qj9vsuvtk"",
  ""qj9vsvstk"",
  ""qj9vswbyt"",
  ""qj9vswo45"",
  ""qmsnpdr3s"",
  ""qmsox4ug4"",
  ""qn38bprmg"",
  ""qnsohfu20"",
  ""qo0d1c7xm"",
  ""qo0gjde4i"",
  ""qo8f31hvq"",
  ""qogdy67bm"",
  ""qoggy3ynt"",
  ""qoght08v9"",
  ""qoz0n15nl"",
  ""qproh8pwx"",
  ""qpsc5fkf3"",
  ""qqjteuosz"",
  ""qqufcib4g"",
  ""qr3i2d826"",
  ""qr3ixr4m1"",
  ""qr3izq6rl"",
  ""qr3jrb1tx"",
  ""qr3jsqr2m"",
  ""qr3jwvu6z"",
  ""qr3ls4pkt"",
  ""qr3m4onht"",
  ""qr3mgt617"",
  ""qr3nz153w"",
  ""qr3oxq4s2"",
  ""qr61ukhkx"",
  ""qrad1ehcw"",
  ""qrai8454y"",
  ""qrb79jupp"",
  ""qrbcymt3q"",
  ""qrbe14wjd"",
  ""qrbecq0j1"",
  ""qrbejmhsf"",
  ""qrbooeerb"",
  ""qrboswxlq"",
  ""qrbpgha9t"",
  ""qrbrz26my"",
  ""qrbwvkk3q"",
  ""qrbyke9rz"",
  ""qreztkkjt"",
  ""qrfczaa80"",
  ""qrfd18yoj"",
  ""qrfdm0kki"",
  ""qrfdzj3na"",
  ""qrfsodc66"",
  ""qrjmbv9gc"",
  ""qrjore5ce"",
  ""qrnnzv8w9"",
  ""qrnotg0do"",
  ""qry3ib38l"",
  ""qrye1hz7f"",
  ""qryy8but9"",
  ""qryyvbpym"",
  ""qs24o7nnv"",
  ""qs26ypr7w"",
  ""qs2785guf"",
  ""qs28zs0x9"",
  ""qs5v1lwkn"",
  ""qs5v47tiq"",
  ""qs5vbgky7"",
  ""qs5vd12ti"",
  ""qs5vm4p3j"",
  ""qs5vpo0l4"",
  ""qs5vvdxkg"",
  ""qs5vws971"",
  ""qs6lw02wv"",
  ""qsaipkezv"",
  ""qsbh38qx5"",
  ""qsbho3ft7"",
  ""qse4iydgz"",
  ""qse4lr1qv"",
  ""qsp449vju"",
  ""qsp51x3kl"",
  ""qsp6b9oz2"",
  ""qsyujovwy"",
  ""qtp7geyk2"",
  ""qtrezgd8a"",
  ""qtu72jff9"",
  ""qtvcgd2rt"",
  ""qu9qt843r"",
  ""qua0i09rf"",
  ""quak64i8z"",
  ""qualdryip"",
  ""qualgwaez"",
  ""qualofufw"",
  ""qualrpged"",
  ""qud3osr5m"",
  ""quebkf6iz"",
  ""quew7oqck"",
  ""quidyozap"",
  ""qv5mwi9l6"",
  ""qv5xy8zay"",
  ""qv9v9520j"",
  ""qv9v957gh"",
  ""qv9v984dy"",
  ""qv9wag4ho"",
  ""qv9wagwu3"",
  ""qvg4dupzm"",
  ""qvg4negkr"",
  ""qvts26sdl"",
  ""qvttwzwc7"",
  ""qvtufeagy"",
  ""qwlpst9vs"",
  ""qwtqckqgc"",
  ""qwx2ikrwv"",
  ""qx6u0vd9m"",
  ""qx8yrj262"",
  ""qx9b4c0vs"",
  ""qx9cr9fvy"",
  ""qxc0cd48a"",
  ""qxegtrv5h"",
  ""qxp92umlt"",
  ""qxp9dgxgs"",
  ""qxpeztwnq"",
  ""qxpk9gvti"",
  ""qxqaz6jpj"",
  ""qy4udljr1"",
  ""qyholgda3"",
  ""qyx4d9i5h"",
  ""qyxobc0kl"",
  ""qyxpv0f07"",
  ""qz4cskuxw"",
  ""qz4dt0rwc"",
  ""qzpubqxgy"",
  ""qztfsui25"",
  ""qzwgoponl"",
  ""qzxl1s3hw""
]","1479272485","""Chrome""","Android","Android_6","""ff4653d1-aa30-11e6-bab2-a54563a7b84e""","{
  ""city"": ""Las Vegas"",
  ""country"": ""US"",
  ""country_region"": ""US-NV"",
  ""dma"": 839,
  ""region"": ""NV"",
  ""zip"": ""89147""
}"
"38","2016-11-16","17010710-1c33-47ed-bb95-0aeae6b97aaa","yes_bid","9aa95bb7-550f-4fbb-a81a-41a47b431492","""http://www.askmen.com/entertainment/mrtech_100/126_tech_gadgets.html""","""/ads/4741/300x250/?asize=1x1%2C300x50%2C320x50%2C300x250%2C146x200%2C5x7%2C5x8%2C5x22&page=http%3A%2F%2Fwww.askmen.com%2Fentertainment%2Fmrtech_100%2F126_tech_gadgets.html&mobile=1&iframebuster=ALL&kargo_id=a4231c51-abba-11e6-bb26-fdaf613ba512&krux_segments=qj9vsjew4%2Cq898qbfa7%2Cqj9vspest%2Cq07voa1s7%2Cqr3mgt617%2Cq7uvtz6yd%2Cqrbo7mx7s%2Cqr3ixr4m1%2Cq0k4ygy7b%2Cqnsriw6xi%2Cqrnnzv8w9%2Cqwx2ikrwv%2Cqv5xy8zay%2Cqs6lw02wv%2Cqxc0cd48a%2Cqtu72jff9%2Cqzb6gyshs%2Cq9ajb5x67%2Cqj9vsupu9%2Cqoz6btdz2%2Cqs26ypr7w%2Cq898t9io2%2Cqr61ukhkx%2Cqj9vseaek%2Cq0pevd1yj%2Cqj9vskppt%2Cqr3izq6rl%2Cqj9vsmzfj%2Cqj9vsc5ti%2Cq3ksloau5%2Cq24b42yht%2Cqsp449vju%2Cqj9vswbyt%2Cqj9vsobl5%2Cqj9vse9q0%2Cqj9vsrtmg%2Cqrbyke9rz%2Cqj9vswo45%2Cqv9wac5m0%2Cqj9vsi9bx%2Cqpsc5fkf3%2Cq3rv8qz8a%2Cqse4iydgz%2Cqreztkkjt%2Cq895e23yd%2Cqv9v90gsk%2Cq9d5pe1c1%2Cqj9vsl8iv%2Cqo0gjde4i%2Cqwlpst9vs%2Cqrnotg0do%2Cqxpxirp4v%2Cqx9cr9fvy%2Cq07vh4k3l%2Cqtrezgd8a%2Cqtp7geyk2%2Cq898fvvwb%2Cqsp51x3kl%2Cqnsqsi5bj%2Cq1jstdo9m%2Cqj9vsh4mq%2Cqualrpged%2Cqti1siiyh%2Cqj9vsowtr%2Cquidyozap%2Cq07m302ug%2Cqs5v1lwkn%2Cqualdryip%2Cqn38bprmg%2Cqj9vstd0a%2Cq2sm3wre6%2Cq895i9j6c%2Cqoght08v9%2Cqmsox4ug4%2Cqo8f31hvq%2Cq8975tcwx%2Cq287trtwi%2Cqqjteuosz%2Cqr3nz153w%2Cq89k7vh6y%2Cqj9vssy3v%2Cqxp9dgxgs%2Cqoz0n15nl%2Cqrbwvkk3q%2Cqu9qt843r%2Cqj9vsnd2y%2Cq3ksdm490%2Cqu5v0nhfu%2Cq897t3dhn%2Cqj9vsrpxm%2Cqnsohfu20%2Cqwlp23mgp%2Cqxcpebh64%2Cqud3osr5m%2Cqj9vslpih%2Cqj9vsppeo%2Cqtvcgd2rt%2Cqv9wabm7g%2Cq6rwt04jb%2Cqti06xn1v%2Cqj9vst7kd%2Cqrb79jupp%2Cqvxo4jlj7%2Cqyx4d9i5h%2Cqr3i2d826%2Cqj9vsuvtk%2Cqogdy67bm%2Cquebkf6iz%2Cq1cux79eu%2Cqr3oxq4s2%2Cqj9vsggxv%2Cqwtqckqgc%2Cq2gxsw5c1%2Cq4gaaxltu%2Cqs5vvdxkg%2Cqj9vsqu4b%2Cqj9vsts7h%2Cq89nhfbkc%2Cqoggy3ynt%2Cqy4udljr1%2Cq0764nd5h%2Cqrfd18yoj%2Cqs5vm4p3j%2Cqxpeztwnq%2Cqxqaz6jpj%2Cqj9vsvstk%2Cqz4emccbm%2Cq0ghv9pnq%2Cqzpubqxgy%2Cqj9vspweo%2Cqvts26sdl%2Cqj9vsg82r%2Cqj9vshdxm%2Cqz4cskuxw%2Cq2ryn8hxf%2Cq898lixzw&_cb=1479359468850""","""Mozilla/5.0 (Linux; Android 5.1.1; SM-G360V Build/LMY48B) AppleWebKit/537.36 (KHTML, like Gecko) Chrome/53.0.2785.124 Mobile Safari/537.36""","[
  ""IAB2"",
  ""IAB1"",
  ""IAB1-6""
]","""askmen.com""","[
  ""gs_event"",
  ""gs_fashion"",
  ""gs_shopping"",
  ""gs_shopping_holiday"",
  ""gv_safe"",
  ""gv_safe_core"",
  ""kg_bbyholidaytech"",
  ""kg_fdafreshempire"",
  ""kg_netaporter_q3_2016""
]","104","""http://www.askmen.com/entertainment/mrtech_100/126_tech_gadgets.html""","[
  ""q0764nd5h"",
  ""q07m302ug"",
  ""q07vh4k3l"",
  ""q07voa1s7"",
  ""q0ghv9pnq"",
  ""q0k4ygy7b"",
  ""q0pevd1yj"",
  ""q1cux79eu"",
  ""q1jstdo9m"",
  ""q24b42yht"",
  ""q287trtwi"",
  ""q2gxsw5c1"",
  ""q2ryn8hxf"",
  ""q2sm3wre6"",
  ""q3ksdm490"",
  ""q3ksloau5"",
  ""q3rv8qz8a"",
  ""q4gaaxltu"",
  ""q6rwt04jb"",
  ""q7uvtz6yd"",
  ""q895e23yd"",
  ""q895i9j6c"",
  ""q8975tcwx"",
  ""q897t3dhn"",
  ""q898fvvwb"",
  ""q898lixzw"",
  ""q898qbfa7"",
  ""q898t9io2"",
  ""q89k7vh6y"",
  ""q89nhfbkc"",
  ""q9ajb5x67"",
  ""q9d5pe1c1"",
  ""qj9vsc5ti"",
  ""qj9vse9q0"",
  ""qj9vseaek"",
  ""qj9vsg82r"",
  ""qj9vsggxv"",
  ""qj9vsh4mq"",
  ""qj9vshdxm"",
  ""qj9vsi9bx"",
  ""qj9vsjew4"",
  ""qj9vskppt"",
  ""qj9vsl8iv"",
  ""qj9vslpih"",
  ""qj9vsmzfj"",
  ""qj9vsnd2y"",
  ""qj9vsobl5"",
  ""qj9vsowtr"",
  ""qj9vspest"",
  ""qj9vsppeo"",
  ""qj9vspweo"",
  ""qj9vsqu4b"",
  ""qj9vsrpxm"",
  ""qj9vsrtmg"",
  ""qj9vssy3v"",
  ""qj9vst7kd"",
  ""qj9vstd0a"",
  ""qj9vsts7h"",
  ""qj9vsupu9"",
  ""qj9vsuvtk"",
  ""qj9vsvstk"",
  ""qj9vswbyt"",
  ""qj9vswo45"",
  ""qmsox4ug4"",
  ""qn38bprmg"",
  ""qnsohfu20"",
  ""qnsqsi5bj"",
  ""qnsriw6xi"",
  ""qo0gjde4i"",
  ""qo8f31hvq"",
  ""qogdy67bm"",
  ""qoggy3ynt"",
  ""qoght08v9"",
  ""qoz0n15nl"",
  ""qoz6btdz2"",
  ""qpsc5fkf3"",
  ""qqjteuosz"",
  ""qr3i2d826"",
  ""qr3ixr4m1"",
  ""qr3izq6rl"",
  ""qr3mgt617"",
  ""qr3nz153w"",
  ""qr3oxq4s2"",
  ""qr61ukhkx"",
  ""qrb79jupp"",
  ""qrbo7mx7s"",
  ""qrbwvkk3q"",
  ""qrbyke9rz"",
  ""qreztkkjt"",
  ""qrfd18yoj"",
  ""qrnnzv8w9"",
  ""qrnotg0do"",
  ""qs26ypr7w"",
  ""qs5v1lwkn"",
  ""qs5vm4p3j"",
  ""qs5vvdxkg"",
  ""qs6lw02wv"",
  ""qse4iydgz"",
  ""qsp449vju"",
  ""qsp51x3kl"",
  ""qti06xn1v"",
  ""qti1siiyh"",
  ""qtp7geyk2"",
  ""qtrezgd8a"",
  ""qtu72jff9"",
  ""qtvcgd2rt"",
  ""qu5v0nhfu"",
  ""qu9qt843r"",
  ""qualdryip"",
  ""qualrpged"",
  ""qud3osr5m"",
  ""quebkf6iz"",
  ""quidyozap"",
  ""qv5xy8zay"",
  ""qv9v90gsk"",
  ""qv9wabm7g"",
  ""qv9wac5m0"",
  ""qvts26sdl"",
  ""qvxo4jlj7"",
  ""qwlp23mgp"",
  ""qwlpst9vs"",
  ""qwtqckqgc"",
  ""qwx2ikrwv"",
  ""qx9cr9fvy"",
  ""qxc0cd48a"",
  ""qxcpebh64"",
  ""qxp9dgxgs"",
  ""qxpeztwnq"",
  ""qxpxirp4v"",
  ""qxqaz6jpj"",
  ""qy4udljr1"",
  ""qyx4d9i5h"",
  ""qz4cskuxw"",
  ""qz4emccbm"",
  ""qzb6gyshs"",
  ""qzpubqxgy""
]","1479272955","""Chrome""","Android","Android_5","""a4231c51-abba-11e6-bb26-fdaf613ba512""","{
  ""city"": ""Seattle"",
  ""country"": ""US"",
  ""country_region"": ""US-WA"",
  ""dma"": 819,
  ""region"": ""WA"",
  ""zip"": ""98109""
}"
"39","2016-11-16","c301972f-8597-413b-96fb-5cb48a44ae23","yes_bid","8342522e-8fd9-4d2e-823f-0f4fadaa50f3","""http://www.si.com/nfl/2016/11/14/election-2016-jay-cutler-chicago-bears-week-under-review""","""/ads/4797/300x250/?asize=1x1%2C300x50%2C320x50%2C300x250%2C146x200%2C5x7%2C5x8%2C5x22&page=http%3A%2F%2Fwww.si.com%2Fnfl%2F2016%2F11%2F14%2Felection-2016-jay-cutler-chicago-bears-week-under-review&mobile=1&iframebuster=ALL&kargo_id=null&_cb=1479272915951""","""Mozilla/5.0 (Linux; Android 6.0.1; SM-G925W8 Build/MMB29K) AppleWebKit/537.36 (KHTML, like Gecko) Chrome/53.0.2785.124 Mobile Safari/537.36""","[
  ""IAB12"",
  ""IAB17"",
  ""IAB1""
]","""si.com""","[
  ""gs_custom_event_football_nfl"",
  ""gs_event"",
  ""gs_event_superbowl"",
  ""gs_politics"",
  ""gs_sport"",
  ""gs_sport_marchmadness"",
  ""gs_sport_nfl"",
  ""kg_fdafreshempire"",
  ""usaf_negativekeywordsegment_aug2015""
]","517","""http://www.si.com/nfl/2016/11/14/election-2016-jay-cutler-chicago-bears-week-under-review""","null","1479272950","""Chrome""","Android","Android_6","""null""","{
  ""city"": ""Seattle"",
  ""country"": ""US"",
  ""country_region"": ""US-WA"",
  ""dma"": 819,
  ""region"": ""WA"",
  ""zip"": ""98111""
}"
"40","2016-11-16","bd261171-809c-40c1-9198-fa3a6405ecdb","yes_bid",NA,"""http://www.foodnetwork.com/recipes/food-network-kitchens/spaghetti-cacio-e-pepe.mobile.html""","""/ads/4409/300x250/?asize=1x1%2C320x460%2C300x250%2C300x50%2C320x50%2C146x200%2C5x7%2C5x8%2C5x17%2C5x20%2C5x22&page=http%3A%2F%2Fwww.foodnetwork.com%2Frecipes%2Ffood-network-kitchens%2Fspaghetti-cacio-e-pepe.mobile.html&mobile=1&iframebuster=ALL&kargo_id=bce39631-abb9-11e6-8298-bb79408bffa7&_cb=1479272491292""","""Mozilla/5.0 (iPhone; CPU iPhone OS 10_1_1 like Mac OS X) AppleWebKit/602.2.14 (KHTML, like Gecko) Version/10.0 Mobile/14B100 Safari/602.1""","[
  ""IAB8""
]","""foodnetwork.com""","[
  ""gs_event_thanksgiving"",
  ""gs_food"",
  ""gv_safe"",
  ""gv_safe_core"",
  ""kg_bertolli_alwayson_q2_q1_2017"",
  ""kg_boursin_friendsgiving_q4_2016"",
  ""kg_fdafreshempire"",
  ""kg_starcom_antitarget"",
  ""ragu_2016""
]","185","""http://www.foodnetwork.com/recipes/food-network-kitchens/spaghetti-cacio-e-pepe.mobile.html""","null","1479272491","""Safari""","iOS","iOS_Other","""bce39631-abb9-11e6-8298-bb79408bffa7""","{
  ""city"": ""London"",
  ""country"": ""GB"",
  ""country_region"": ""GB-H9"",
  ""dma"": 0,
  ""region"": ""H9"",
  ""zip"": ""EC4N""
}"
"41","2016-11-16","72b04c32-a289-41a1-878b-4b15d72ae9ab","yes_bid",NA,"""http://www.foodnetwork.com/recipes/food-network-kitchens/matcha-lemonade.mobile.html""","""/ads/4409/300x250/?asize=1x1%2C320x460%2C300x250%2C300x50%2C320x50%2C146x200%2C5x7%2C5x8%2C5x17%2C5x20%2C5x22&page=http%3A%2F%2Fwww.foodnetwork.com%2Frecipes%2Ffood-network-kitchens%2Fmatcha-lemonade.mobile.html&mobile=1&iframebuster=ALL&kargo_id=bce39631-abb9-11e6-8298-bb79408bffa7&_cb=1479273092581""","""Mozilla/5.0 (iPhone; CPU iPhone OS 10_1_1 like Mac OS X) AppleWebKit/602.2.14 (KHTML, like Gecko) Version/10.0 Mobile/14B100 Safari/602.1""","[
  ""IAB8""
]","""foodnetwork.com""","[
  ""gs_event_thanksgiving"",
  ""gs_food"",
  ""gs_food_drink"",
  ""gs_food_kitchen"",
  ""gv_safe"",
  ""gv_safe_core"",
  ""kg_boursin_friendsgiving_q4_2016"",
  ""kg_fdafreshempire"",
  ""kg_mcdonalds_all campaigns_Q1_Q4_2017""
]","185","""http://www.foodnetwork.com/recipes/food-network-kitchens/matcha-lemonade.mobile.html""","null","1479273092","""Safari""","iOS","iOS_Other","""bce39631-abb9-11e6-8298-bb79408bffa7""","{
  ""city"": ""London"",
  ""country"": ""GB"",
  ""country_region"": ""GB-H9"",
  ""dma"": 0,
  ""region"": ""H9"",
  ""zip"": ""EC4N""
}"
